# Blender 4.3.0
# www.blender.org
mtllib plane.mtl
o Grid
v -5.000000 0.000000 5.000000
v -4.714286 0.000000 5.000000
v -4.428572 0.000000 5.000000
v -4.142857 0.000000 5.000000
v -3.857143 0.000000 5.000000
v -3.571429 0.000000 5.000000
v -3.285714 0.000000 5.000000
v -3.000000 0.000000 5.000000
v -2.714286 0.000000 5.000000
v -2.428571 0.000000 5.000000
v -2.142857 0.000000 5.000000
v -1.857143 0.000000 5.000000
v -1.571429 0.000000 5.000000
v -1.285714 0.000000 5.000000
v -1.000000 0.000000 5.000000
v -0.714286 0.000000 5.000000
v -0.428571 0.000000 5.000000
v -0.142857 0.000000 5.000000
v 0.142857 0.000000 5.000000
v 0.428572 0.000000 5.000000
v 0.714286 0.000000 5.000000
v 1.000000 0.000000 5.000000
v 1.285715 0.000000 5.000000
v 1.571429 0.000000 5.000000
v 1.857143 0.000000 5.000000
v 2.142857 0.000000 5.000000
v 2.428572 0.000000 5.000000
v 2.714286 0.000000 5.000000
v 3.000000 0.000000 5.000000
v 3.285714 0.000000 5.000000
v 3.571429 0.000000 5.000000
v 3.857143 0.000000 5.000000
v 4.142857 0.000000 5.000000
v 4.428572 0.000000 5.000000
v 4.714286 0.000000 5.000000
v 5.000000 0.000000 5.000000
v -5.000000 0.000000 4.714286
v -4.714286 0.000000 4.714286
v -4.428572 0.000000 4.714286
v -4.142857 0.000000 4.714286
v -3.857143 0.000000 4.714286
v -3.571429 0.000000 4.714286
v -3.285714 0.000000 4.714286
v -3.000000 0.000000 4.714286
v -2.714286 0.000000 4.714286
v -2.428571 0.000000 4.714286
v -2.142857 0.000000 4.714286
v -1.857143 0.000000 4.714286
v -1.571429 0.000000 4.714286
v -1.285714 0.000000 4.714286
v -1.000000 0.000000 4.714286
v -0.714286 0.000000 4.714286
v -0.428571 0.000000 4.714286
v -0.142857 0.000000 4.714286
v 0.142857 0.000000 4.714286
v 0.428572 0.000000 4.714286
v 0.714286 0.000000 4.714286
v 1.000000 0.000000 4.714286
v 1.285715 0.000000 4.714286
v 1.571429 0.000000 4.714286
v 1.857143 0.000000 4.714286
v 2.142857 0.000000 4.714286
v 2.428572 0.000000 4.714286
v 2.714286 0.000000 4.714286
v 3.000000 0.000000 4.714286
v 3.285714 0.000000 4.714286
v 3.571429 0.000000 4.714286
v 3.857143 0.000000 4.714286
v 4.142857 0.000000 4.714286
v 4.428572 0.000000 4.714286
v 4.714286 0.000000 4.714286
v 5.000000 0.000000 4.714286
v -5.000000 0.000000 4.428572
v -4.714286 0.000000 4.428572
v -4.428572 0.000000 4.428572
v -4.142857 0.000000 4.428572
v -3.857143 0.000000 4.428572
v -3.571429 0.000000 4.428572
v -3.285714 0.000000 4.428572
v -3.000000 0.000000 4.428572
v -2.714286 0.000000 4.428572
v -2.428571 0.000000 4.428572
v -2.142857 0.000000 4.428572
v -1.857143 0.000000 4.428572
v -1.571429 0.000000 4.428572
v -1.285714 0.000000 4.428572
v -1.000000 0.000000 4.428572
v -0.714286 0.000000 4.428572
v -0.428571 0.000000 4.428572
v -0.142857 0.000000 4.428572
v 0.142857 0.000000 4.428572
v 0.428572 0.000000 4.428572
v 0.714286 0.000000 4.428572
v 1.000000 0.000000 4.428572
v 1.285715 0.000000 4.428572
v 1.571429 0.000000 4.428572
v 1.857143 0.000000 4.428572
v 2.142857 0.000000 4.428572
v 2.428572 0.000000 4.428572
v 2.714286 0.000000 4.428572
v 3.000000 0.000000 4.428572
v 3.285714 0.000000 4.428572
v 3.571429 0.000000 4.428572
v 3.857143 0.000000 4.428572
v 4.142857 0.000000 4.428572
v 4.428572 0.000000 4.428572
v 4.714286 0.000000 4.428572
v 5.000000 0.000000 4.428572
v -5.000000 0.000000 4.142857
v -4.714286 0.000000 4.142857
v -4.428572 0.000000 4.142857
v -4.142857 0.000000 4.142857
v -3.857143 0.000000 4.142857
v -3.571429 0.000000 4.142857
v -3.285714 0.000000 4.142857
v -3.000000 0.000000 4.142857
v -2.714286 0.000000 4.142857
v -2.428571 0.000000 4.142857
v -2.142857 0.000000 4.142857
v -1.857143 0.000000 4.142857
v -1.571429 0.000000 4.142857
v -1.285714 0.000000 4.142857
v -1.000000 0.000000 4.142857
v -0.714286 0.000000 4.142857
v -0.428571 0.000000 4.142857
v -0.142857 0.000000 4.142857
v 0.142857 0.000000 4.142857
v 0.428572 0.000000 4.142857
v 0.714286 0.000000 4.142857
v 1.000000 0.000000 4.142857
v 1.285715 0.000000 4.142857
v 1.571429 0.000000 4.142857
v 1.857143 0.000000 4.142857
v 2.142857 0.000000 4.142857
v 2.428572 0.000000 4.142857
v 2.714286 0.000000 4.142857
v 3.000000 0.000000 4.142857
v 3.285714 0.000000 4.142857
v 3.571429 0.000000 4.142857
v 3.857143 0.000000 4.142857
v 4.142857 0.000000 4.142857
v 4.428572 0.000000 4.142857
v 4.714286 0.000000 4.142857
v 5.000000 0.000000 4.142857
v -5.000000 0.000000 3.857143
v -4.714286 0.000000 3.857143
v -4.428572 0.000000 3.857143
v -4.142857 0.000000 3.857143
v -3.857143 0.000000 3.857143
v -3.571429 0.000000 3.857143
v -3.285714 0.000000 3.857143
v -3.000000 0.000000 3.857143
v -2.714286 0.000000 3.857143
v -2.428571 0.000000 3.857143
v -2.142857 0.000000 3.857143
v -1.857143 0.000000 3.857143
v -1.571429 0.000000 3.857143
v -1.285714 0.000000 3.857143
v -1.000000 0.000000 3.857143
v -0.714286 0.000000 3.857143
v -0.428571 0.000000 3.857143
v -0.142857 0.000000 3.857143
v 0.142857 0.000000 3.857143
v 0.428572 0.000000 3.857143
v 0.714286 0.000000 3.857143
v 1.000000 0.000000 3.857143
v 1.285715 0.000000 3.857143
v 1.571429 0.000000 3.857143
v 1.857143 0.000000 3.857143
v 2.142857 0.000000 3.857143
v 2.428572 0.000000 3.857143
v 2.714286 0.000000 3.857143
v 3.000000 0.000000 3.857143
v 3.285714 0.000000 3.857143
v 3.571429 0.000000 3.857143
v 3.857143 0.000000 3.857143
v 4.142857 0.000000 3.857143
v 4.428572 0.000000 3.857143
v 4.714286 0.000000 3.857143
v 5.000000 0.000000 3.857143
v -5.000000 0.000000 3.571429
v -4.714286 0.000000 3.571429
v -4.428572 0.000000 3.571429
v -4.142857 0.000000 3.571429
v -3.857143 0.000000 3.571429
v -3.571429 0.000000 3.571429
v -3.285714 0.000000 3.571429
v -3.000000 0.000000 3.571429
v -2.714286 0.000000 3.571429
v -2.428571 0.000000 3.571429
v -2.142857 0.000000 3.571429
v -1.857143 0.000000 3.571429
v -1.571429 0.000000 3.571429
v -1.285714 0.000000 3.571429
v -1.000000 0.000000 3.571429
v -0.714286 0.000000 3.571429
v -0.428571 0.000000 3.571429
v -0.142857 0.000000 3.571429
v 0.142857 0.000000 3.571429
v 0.428572 0.000000 3.571429
v 0.714286 0.000000 3.571429
v 1.000000 0.000000 3.571429
v 1.285715 0.000000 3.571429
v 1.571429 0.000000 3.571429
v 1.857143 0.000000 3.571429
v 2.142857 0.000000 3.571429
v 2.428572 0.000000 3.571429
v 2.714286 0.000000 3.571429
v 3.000000 0.000000 3.571429
v 3.285714 0.000000 3.571429
v 3.571429 0.000000 3.571429
v 3.857143 0.000000 3.571429
v 4.142857 0.000000 3.571429
v 4.428572 0.000000 3.571429
v 4.714286 0.000000 3.571429
v 5.000000 0.000000 3.571429
v -5.000000 0.000000 3.285714
v -4.714286 0.000000 3.285714
v -4.428572 0.000000 3.285714
v -4.142857 0.000000 3.285714
v -3.857143 0.000000 3.285714
v -3.571429 0.000000 3.285714
v -3.285714 0.000000 3.285714
v -3.000000 0.000000 3.285714
v -2.714286 0.000000 3.285714
v -2.428571 0.000000 3.285714
v -2.142857 0.000000 3.285714
v -1.857143 0.000000 3.285714
v -1.571429 0.000000 3.285714
v -1.285714 0.000000 3.285714
v -1.000000 0.000000 3.285714
v -0.714286 0.000000 3.285714
v -0.428571 0.000000 3.285714
v -0.142857 0.000000 3.285714
v 0.142857 0.000000 3.285714
v 0.428572 0.000000 3.285714
v 0.714286 0.000000 3.285714
v 1.000000 0.000000 3.285714
v 1.285715 0.000000 3.285714
v 1.571429 0.000000 3.285714
v 1.857143 0.000000 3.285714
v 2.142857 0.000000 3.285714
v 2.428572 0.000000 3.285714
v 2.714286 0.000000 3.285714
v 3.000000 0.000000 3.285714
v 3.285714 0.000000 3.285714
v 3.571429 0.000000 3.285714
v 3.857143 0.000000 3.285714
v 4.142857 0.000000 3.285714
v 4.428572 0.000000 3.285714
v 4.714286 0.000000 3.285714
v 5.000000 0.000000 3.285714
v -5.000000 0.000000 3.000000
v -4.714286 0.000000 3.000000
v -4.428572 0.000000 3.000000
v -4.142857 0.000000 3.000000
v -3.857143 0.000000 3.000000
v -3.571429 0.000000 3.000000
v -3.285714 0.000000 3.000000
v -3.000000 0.000000 3.000000
v -2.714286 0.000000 3.000000
v -2.428571 0.000000 3.000000
v -2.142857 0.000000 3.000000
v -1.857143 0.000000 3.000000
v -1.571429 0.000000 3.000000
v -1.285714 0.000000 3.000000
v -1.000000 0.000000 3.000000
v -0.714286 0.000000 3.000000
v -0.428571 0.000000 3.000000
v -0.142857 0.000000 3.000000
v 0.142857 0.000000 3.000000
v 0.428572 0.000000 3.000000
v 0.714286 0.000000 3.000000
v 1.000000 0.000000 3.000000
v 1.285715 0.000000 3.000000
v 1.571429 0.000000 3.000000
v 1.857143 0.000000 3.000000
v 2.142857 0.000000 3.000000
v 2.428572 0.000000 3.000000
v 2.714286 0.000000 3.000000
v 3.000000 0.000000 3.000000
v 3.285714 0.000000 3.000000
v 3.571429 0.000000 3.000000
v 3.857143 0.000000 3.000000
v 4.142857 0.000000 3.000000
v 4.428572 0.000000 3.000000
v 4.714286 0.000000 3.000000
v 5.000000 0.000000 3.000000
v -5.000000 0.000000 2.714286
v -4.714286 0.000000 2.714286
v -4.428572 0.000000 2.714286
v -4.142857 0.000000 2.714286
v -3.857143 0.000000 2.714286
v -3.571429 0.000000 2.714286
v -3.285714 0.000000 2.714286
v -3.000000 0.000000 2.714286
v -2.714286 0.000000 2.714286
v -2.428571 0.000000 2.714286
v -2.142857 0.000000 2.714286
v -1.857143 0.000000 2.714286
v -1.571429 0.000000 2.714286
v -1.285714 0.000000 2.714286
v -1.000000 0.000000 2.714286
v -0.714286 0.000000 2.714286
v -0.428571 0.000000 2.714286
v -0.142857 0.000000 2.714286
v 0.142857 0.000000 2.714286
v 0.428572 0.000000 2.714286
v 0.714286 0.000000 2.714286
v 1.000000 0.000000 2.714286
v 1.285715 0.000000 2.714286
v 1.571429 0.000000 2.714286
v 1.857143 0.000000 2.714286
v 2.142857 0.000000 2.714286
v 2.428572 0.000000 2.714286
v 2.714286 0.000000 2.714286
v 3.000000 0.000000 2.714286
v 3.285714 0.000000 2.714286
v 3.571429 0.000000 2.714286
v 3.857143 0.000000 2.714286
v 4.142857 0.000000 2.714286
v 4.428572 0.000000 2.714286
v 4.714286 0.000000 2.714286
v 5.000000 0.000000 2.714286
v -5.000000 0.000000 2.428571
v -4.714286 0.000000 2.428571
v -4.428572 0.000000 2.428571
v -4.142857 0.000000 2.428571
v -3.857143 0.000000 2.428571
v -3.571429 0.000000 2.428571
v -3.285714 0.000000 2.428571
v -3.000000 0.000000 2.428571
v -2.714286 0.000000 2.428571
v -2.428571 0.000000 2.428571
v -2.142857 0.000000 2.428571
v -1.857143 0.000000 2.428571
v -1.571429 0.000000 2.428571
v -1.285714 0.000000 2.428571
v -1.000000 0.000000 2.428571
v -0.714286 0.000000 2.428571
v -0.428571 0.000000 2.428571
v -0.142857 0.000000 2.428571
v 0.142857 0.000000 2.428571
v 0.428572 0.000000 2.428571
v 0.714286 0.000000 2.428571
v 1.000000 0.000000 2.428571
v 1.285715 0.000000 2.428571
v 1.571429 0.000000 2.428571
v 1.857143 0.000000 2.428571
v 2.142857 0.000000 2.428571
v 2.428572 0.000000 2.428571
v 2.714286 0.000000 2.428571
v 3.000000 0.000000 2.428571
v 3.285714 0.000000 2.428571
v 3.571429 0.000000 2.428571
v 3.857143 0.000000 2.428571
v 4.142857 0.000000 2.428571
v 4.428572 0.000000 2.428571
v 4.714286 0.000000 2.428571
v 5.000000 0.000000 2.428571
v -5.000000 0.000000 2.142857
v -4.714286 0.000000 2.142857
v -4.428572 0.000000 2.142857
v -4.142857 0.000000 2.142857
v -3.857143 0.000000 2.142857
v -3.571429 0.000000 2.142857
v -3.285714 0.000000 2.142857
v -3.000000 0.000000 2.142857
v -2.714286 0.000000 2.142857
v -2.428571 0.000000 2.142857
v -2.142857 0.000000 2.142857
v -1.857143 0.000000 2.142857
v -1.571429 0.000000 2.142857
v -1.285714 0.000000 2.142857
v -1.000000 0.000000 2.142857
v -0.714286 0.000000 2.142857
v -0.428571 0.000000 2.142857
v -0.142857 0.000000 2.142857
v 0.142857 0.000000 2.142857
v 0.428572 0.000000 2.142857
v 0.714286 0.000000 2.142857
v 1.000000 0.000000 2.142857
v 1.285715 0.000000 2.142857
v 1.571429 0.000000 2.142857
v 1.857143 0.000000 2.142857
v 2.142857 0.000000 2.142857
v 2.428572 0.000000 2.142857
v 2.714286 0.000000 2.142857
v 3.000000 0.000000 2.142857
v 3.285714 0.000000 2.142857
v 3.571429 0.000000 2.142857
v 3.857143 0.000000 2.142857
v 4.142857 0.000000 2.142857
v 4.428572 0.000000 2.142857
v 4.714286 0.000000 2.142857
v 5.000000 0.000000 2.142857
v -5.000000 0.000000 1.857143
v -4.714286 0.000000 1.857143
v -4.428572 0.000000 1.857143
v -4.142857 0.000000 1.857143
v -3.857143 0.000000 1.857143
v -3.571429 0.000000 1.857143
v -3.285714 0.000000 1.857143
v -3.000000 0.000000 1.857143
v -2.714286 0.000000 1.857143
v -2.428571 0.000000 1.857143
v -2.142857 0.000000 1.857143
v -1.857143 0.000000 1.857143
v -1.571429 0.000000 1.857143
v -1.285714 0.000000 1.857143
v -1.000000 0.000000 1.857143
v -0.714286 0.000000 1.857143
v -0.428571 0.000000 1.857143
v -0.142857 0.000000 1.857143
v 0.142857 0.000000 1.857143
v 0.428572 0.000000 1.857143
v 0.714286 0.000000 1.857143
v 1.000000 0.000000 1.857143
v 1.285715 0.000000 1.857143
v 1.571429 0.000000 1.857143
v 1.857143 0.000000 1.857143
v 2.142857 0.000000 1.857143
v 2.428572 0.000000 1.857143
v 2.714286 0.000000 1.857143
v 3.000000 0.000000 1.857143
v 3.285714 0.000000 1.857143
v 3.571429 0.000000 1.857143
v 3.857143 0.000000 1.857143
v 4.142857 0.000000 1.857143
v 4.428572 0.000000 1.857143
v 4.714286 0.000000 1.857143
v 5.000000 0.000000 1.857143
v -5.000000 0.000000 1.571429
v -4.714286 0.000000 1.571429
v -4.428572 0.000000 1.571429
v -4.142857 0.000000 1.571429
v -3.857143 0.000000 1.571429
v -3.571429 0.000000 1.571429
v -3.285714 0.000000 1.571429
v -3.000000 0.000000 1.571429
v -2.714286 0.000000 1.571429
v -2.428571 0.000000 1.571429
v -2.142857 0.000000 1.571429
v -1.857143 0.000000 1.571429
v -1.571429 0.000000 1.571429
v -1.285714 0.000000 1.571429
v -1.000000 0.000000 1.571429
v -0.714286 0.000000 1.571429
v -0.428571 0.000000 1.571429
v -0.142857 0.000000 1.571429
v 0.142857 0.000000 1.571429
v 0.428572 0.000000 1.571429
v 0.714286 0.000000 1.571429
v 1.000000 0.000000 1.571429
v 1.285715 0.000000 1.571429
v 1.571429 0.000000 1.571429
v 1.857143 0.000000 1.571429
v 2.142857 0.000000 1.571429
v 2.428572 0.000000 1.571429
v 2.714286 0.000000 1.571429
v 3.000000 0.000000 1.571429
v 3.285714 0.000000 1.571429
v 3.571429 0.000000 1.571429
v 3.857143 0.000000 1.571429
v 4.142857 0.000000 1.571429
v 4.428572 0.000000 1.571429
v 4.714286 0.000000 1.571429
v 5.000000 0.000000 1.571429
v -5.000000 0.000000 1.285714
v -4.714286 0.000000 1.285714
v -4.428572 0.000000 1.285714
v -4.142857 0.000000 1.285714
v -3.857143 0.000000 1.285714
v -3.571429 0.000000 1.285714
v -3.285714 0.000000 1.285714
v -3.000000 0.000000 1.285714
v -2.714286 0.000000 1.285714
v -2.428571 0.000000 1.285714
v -2.142857 0.000000 1.285714
v -1.857143 0.000000 1.285714
v -1.571429 0.000000 1.285714
v -1.285714 0.000000 1.285714
v -1.000000 0.000000 1.285714
v -0.714286 0.000000 1.285714
v -0.428571 0.000000 1.285714
v -0.142857 0.000000 1.285714
v 0.142857 0.000000 1.285714
v 0.428572 0.000000 1.285714
v 0.714286 0.000000 1.285714
v 1.000000 0.000000 1.285714
v 1.285715 0.000000 1.285714
v 1.571429 0.000000 1.285714
v 1.857143 0.000000 1.285714
v 2.142857 0.000000 1.285714
v 2.428572 0.000000 1.285714
v 2.714286 0.000000 1.285714
v 3.000000 0.000000 1.285714
v 3.285714 0.000000 1.285714
v 3.571429 0.000000 1.285714
v 3.857143 0.000000 1.285714
v 4.142857 0.000000 1.285714
v 4.428572 0.000000 1.285714
v 4.714286 0.000000 1.285714
v 5.000000 0.000000 1.285714
v -5.000000 0.000000 1.000000
v -4.714286 0.000000 1.000000
v -4.428572 0.000000 1.000000
v -4.142857 0.000000 1.000000
v -3.857143 0.000000 1.000000
v -3.571429 0.000000 1.000000
v -3.285714 0.000000 1.000000
v -3.000000 0.000000 1.000000
v -2.714286 0.000000 1.000000
v -2.428571 0.000000 1.000000
v -2.142857 0.000000 1.000000
v -1.857143 0.000000 1.000000
v -1.571429 0.000000 1.000000
v -1.285714 0.000000 1.000000
v -1.000000 0.000000 1.000000
v -0.714286 0.000000 1.000000
v -0.428571 0.000000 1.000000
v -0.142857 0.000000 1.000000
v 0.142857 0.000000 1.000000
v 0.428572 0.000000 1.000000
v 0.714286 0.000000 1.000000
v 1.000000 0.000000 1.000000
v 1.285715 0.000000 1.000000
v 1.571429 0.000000 1.000000
v 1.857143 0.000000 1.000000
v 2.142857 0.000000 1.000000
v 2.428572 0.000000 1.000000
v 2.714286 0.000000 1.000000
v 3.000000 0.000000 1.000000
v 3.285714 0.000000 1.000000
v 3.571429 0.000000 1.000000
v 3.857143 0.000000 1.000000
v 4.142857 0.000000 1.000000
v 4.428572 0.000000 1.000000
v 4.714286 0.000000 1.000000
v 5.000000 0.000000 1.000000
v -5.000000 0.000000 0.714286
v -4.714286 0.000000 0.714286
v -4.428572 0.000000 0.714286
v -4.142857 0.000000 0.714286
v -3.857143 0.000000 0.714286
v -3.571429 0.000000 0.714286
v -3.285714 0.000000 0.714286
v -3.000000 0.000000 0.714286
v -2.714286 0.000000 0.714286
v -2.428571 0.000000 0.714286
v -2.142857 0.000000 0.714286
v -1.857143 0.000000 0.714286
v -1.571429 0.000000 0.714286
v -1.285714 0.000000 0.714286
v -1.000000 0.000000 0.714286
v -0.714286 0.000000 0.714286
v -0.428571 0.000000 0.714286
v -0.142857 0.000000 0.714286
v 0.142857 0.000000 0.714286
v 0.428572 0.000000 0.714286
v 0.714286 0.000000 0.714286
v 1.000000 0.000000 0.714286
v 1.285715 0.000000 0.714286
v 1.571429 0.000000 0.714286
v 1.857143 0.000000 0.714286
v 2.142857 0.000000 0.714286
v 2.428572 0.000000 0.714286
v 2.714286 0.000000 0.714286
v 3.000000 0.000000 0.714286
v 3.285714 0.000000 0.714286
v 3.571429 0.000000 0.714286
v 3.857143 0.000000 0.714286
v 4.142857 0.000000 0.714286
v 4.428572 0.000000 0.714286
v 4.714286 0.000000 0.714286
v 5.000000 0.000000 0.714286
v -5.000000 0.000000 0.428571
v -4.714286 0.000000 0.428571
v -4.428572 0.000000 0.428571
v -4.142857 0.000000 0.428571
v -3.857143 0.000000 0.428571
v -3.571429 0.000000 0.428571
v -3.285714 0.000000 0.428571
v -3.000000 0.000000 0.428571
v -2.714286 0.000000 0.428571
v -2.428571 0.000000 0.428571
v -2.142857 0.000000 0.428571
v -1.857143 0.000000 0.428571
v -1.571429 0.000000 0.428571
v -1.285714 0.000000 0.428571
v -1.000000 0.000000 0.428571
v -0.714286 0.000000 0.428571
v -0.428571 0.000000 0.428571
v -0.142857 0.000000 0.428571
v 0.142857 0.000000 0.428571
v 0.428572 0.000000 0.428571
v 0.714286 0.000000 0.428571
v 1.000000 0.000000 0.428571
v 1.285715 0.000000 0.428571
v 1.571429 0.000000 0.428571
v 1.857143 0.000000 0.428571
v 2.142857 0.000000 0.428571
v 2.428572 0.000000 0.428571
v 2.714286 0.000000 0.428571
v 3.000000 0.000000 0.428571
v 3.285714 0.000000 0.428571
v 3.571429 0.000000 0.428571
v 3.857143 0.000000 0.428571
v 4.142857 0.000000 0.428571
v 4.428572 0.000000 0.428571
v 4.714286 0.000000 0.428571
v 5.000000 0.000000 0.428571
v -5.000000 0.000000 0.142857
v -4.714286 0.000000 0.142857
v -4.428572 0.000000 0.142857
v -4.142857 0.000000 0.142857
v -3.857143 0.000000 0.142857
v -3.571429 0.000000 0.142857
v -3.285714 0.000000 0.142857
v -3.000000 0.000000 0.142857
v -2.714286 0.000000 0.142857
v -2.428571 0.000000 0.142857
v -2.142857 0.000000 0.142857
v -1.857143 0.000000 0.142857
v -1.571429 0.000000 0.142857
v -1.285714 0.000000 0.142857
v -1.000000 0.000000 0.142857
v -0.714286 0.000000 0.142857
v -0.428571 0.000000 0.142857
v -0.142857 0.000000 0.142857
v 0.142857 0.000000 0.142857
v 0.428572 0.000000 0.142857
v 0.714286 0.000000 0.142857
v 1.000000 0.000000 0.142857
v 1.285715 0.000000 0.142857
v 1.571429 0.000000 0.142857
v 1.857143 0.000000 0.142857
v 2.142857 0.000000 0.142857
v 2.428572 0.000000 0.142857
v 2.714286 0.000000 0.142857
v 3.000000 0.000000 0.142857
v 3.285714 0.000000 0.142857
v 3.571429 0.000000 0.142857
v 3.857143 0.000000 0.142857
v 4.142857 0.000000 0.142857
v 4.428572 0.000000 0.142857
v 4.714286 0.000000 0.142857
v 5.000000 0.000000 0.142857
v -5.000000 0.000000 -0.142857
v -4.714286 0.000000 -0.142857
v -4.428572 0.000000 -0.142857
v -4.142857 0.000000 -0.142857
v -3.857143 0.000000 -0.142857
v -3.571429 0.000000 -0.142857
v -3.285714 0.000000 -0.142857
v -3.000000 0.000000 -0.142857
v -2.714286 0.000000 -0.142857
v -2.428571 0.000000 -0.142857
v -2.142857 0.000000 -0.142857
v -1.857143 0.000000 -0.142857
v -1.571429 0.000000 -0.142857
v -1.285714 0.000000 -0.142857
v -1.000000 0.000000 -0.142857
v -0.714286 0.000000 -0.142857
v -0.428571 0.000000 -0.142857
v -0.142857 0.000000 -0.142857
v 0.142857 0.000000 -0.142857
v 0.428572 0.000000 -0.142857
v 0.714286 0.000000 -0.142857
v 1.000000 0.000000 -0.142857
v 1.285715 0.000000 -0.142857
v 1.571429 0.000000 -0.142857
v 1.857143 0.000000 -0.142857
v 2.142857 0.000000 -0.142857
v 2.428572 0.000000 -0.142857
v 2.714286 0.000000 -0.142857
v 3.000000 0.000000 -0.142857
v 3.285714 0.000000 -0.142857
v 3.571429 0.000000 -0.142857
v 3.857143 0.000000 -0.142857
v 4.142857 0.000000 -0.142857
v 4.428572 0.000000 -0.142857
v 4.714286 0.000000 -0.142857
v 5.000000 0.000000 -0.142857
v -5.000000 0.000000 -0.428572
v -4.714286 0.000000 -0.428572
v -4.428572 0.000000 -0.428572
v -4.142857 0.000000 -0.428572
v -3.857143 0.000000 -0.428572
v -3.571429 0.000000 -0.428572
v -3.285714 0.000000 -0.428572
v -3.000000 0.000000 -0.428572
v -2.714286 0.000000 -0.428572
v -2.428571 0.000000 -0.428572
v -2.142857 0.000000 -0.428572
v -1.857143 0.000000 -0.428572
v -1.571429 0.000000 -0.428572
v -1.285714 0.000000 -0.428572
v -1.000000 0.000000 -0.428572
v -0.714286 0.000000 -0.428572
v -0.428571 0.000000 -0.428572
v -0.142857 0.000000 -0.428572
v 0.142857 0.000000 -0.428572
v 0.428572 0.000000 -0.428572
v 0.714286 0.000000 -0.428572
v 1.000000 0.000000 -0.428572
v 1.285715 0.000000 -0.428572
v 1.571429 0.000000 -0.428572
v 1.857143 0.000000 -0.428572
v 2.142857 0.000000 -0.428572
v 2.428572 0.000000 -0.428572
v 2.714286 0.000000 -0.428572
v 3.000000 0.000000 -0.428572
v 3.285714 0.000000 -0.428572
v 3.571429 0.000000 -0.428572
v 3.857143 0.000000 -0.428572
v 4.142857 0.000000 -0.428572
v 4.428572 0.000000 -0.428572
v 4.714286 0.000000 -0.428572
v 5.000000 0.000000 -0.428572
v -5.000000 0.000000 -0.714286
v -4.714286 0.000000 -0.714286
v -4.428572 0.000000 -0.714286
v -4.142857 0.000000 -0.714286
v -3.857143 0.000000 -0.714286
v -3.571429 0.000000 -0.714286
v -3.285714 0.000000 -0.714286
v -3.000000 0.000000 -0.714286
v -2.714286 0.000000 -0.714286
v -2.428571 0.000000 -0.714286
v -2.142857 0.000000 -0.714286
v -1.857143 0.000000 -0.714286
v -1.571429 0.000000 -0.714286
v -1.285714 0.000000 -0.714286
v -1.000000 0.000000 -0.714286
v -0.714286 0.000000 -0.714286
v -0.428571 0.000000 -0.714286
v -0.142857 0.000000 -0.714286
v 0.142857 0.000000 -0.714286
v 0.428572 0.000000 -0.714286
v 0.714286 0.000000 -0.714286
v 1.000000 0.000000 -0.714286
v 1.285715 0.000000 -0.714286
v 1.571429 0.000000 -0.714286
v 1.857143 0.000000 -0.714286
v 2.142857 0.000000 -0.714286
v 2.428572 0.000000 -0.714286
v 2.714286 0.000000 -0.714286
v 3.000000 0.000000 -0.714286
v 3.285714 0.000000 -0.714286
v 3.571429 0.000000 -0.714286
v 3.857143 0.000000 -0.714286
v 4.142857 0.000000 -0.714286
v 4.428572 0.000000 -0.714286
v 4.714286 0.000000 -0.714286
v 5.000000 0.000000 -0.714286
v -5.000000 0.000000 -1.000000
v -4.714286 0.000000 -1.000000
v -4.428572 0.000000 -1.000000
v -4.142857 0.000000 -1.000000
v -3.857143 0.000000 -1.000000
v -3.571429 0.000000 -1.000000
v -3.285714 0.000000 -1.000000
v -3.000000 0.000000 -1.000000
v -2.714286 0.000000 -1.000000
v -2.428571 0.000000 -1.000000
v -2.142857 0.000000 -1.000000
v -1.857143 0.000000 -1.000000
v -1.571429 0.000000 -1.000000
v -1.285714 0.000000 -1.000000
v -1.000000 0.000000 -1.000000
v -0.714286 0.000000 -1.000000
v -0.428571 0.000000 -1.000000
v -0.142857 0.000000 -1.000000
v 0.142857 0.000000 -1.000000
v 0.428572 0.000000 -1.000000
v 0.714286 0.000000 -1.000000
v 1.000000 0.000000 -1.000000
v 1.285715 0.000000 -1.000000
v 1.571429 0.000000 -1.000000
v 1.857143 0.000000 -1.000000
v 2.142857 0.000000 -1.000000
v 2.428572 0.000000 -1.000000
v 2.714286 0.000000 -1.000000
v 3.000000 0.000000 -1.000000
v 3.285714 0.000000 -1.000000
v 3.571429 0.000000 -1.000000
v 3.857143 0.000000 -1.000000
v 4.142857 0.000000 -1.000000
v 4.428572 0.000000 -1.000000
v 4.714286 0.000000 -1.000000
v 5.000000 0.000000 -1.000000
v -5.000000 0.000000 -1.285715
v -4.714286 0.000000 -1.285715
v -4.428572 0.000000 -1.285715
v -4.142857 0.000000 -1.285715
v -3.857143 0.000000 -1.285715
v -3.571429 0.000000 -1.285715
v -3.285714 0.000000 -1.285715
v -3.000000 0.000000 -1.285715
v -2.714286 0.000000 -1.285715
v -2.428571 0.000000 -1.285715
v -2.142857 0.000000 -1.285715
v -1.857143 0.000000 -1.285715
v -1.571429 0.000000 -1.285715
v -1.285714 0.000000 -1.285715
v -1.000000 0.000000 -1.285715
v -0.714286 0.000000 -1.285715
v -0.428571 0.000000 -1.285715
v -0.142857 0.000000 -1.285715
v 0.142857 0.000000 -1.285715
v 0.428572 0.000000 -1.285715
v 0.714286 0.000000 -1.285715
v 1.000000 0.000000 -1.285715
v 1.285715 0.000000 -1.285715
v 1.571429 0.000000 -1.285715
v 1.857143 0.000000 -1.285715
v 2.142857 0.000000 -1.285715
v 2.428572 0.000000 -1.285715
v 2.714286 0.000000 -1.285715
v 3.000000 0.000000 -1.285715
v 3.285714 0.000000 -1.285715
v 3.571429 0.000000 -1.285715
v 3.857143 0.000000 -1.285715
v 4.142857 0.000000 -1.285715
v 4.428572 0.000000 -1.285715
v 4.714286 0.000000 -1.285715
v 5.000000 0.000000 -1.285715
v -5.000000 0.000000 -1.571429
v -4.714286 0.000000 -1.571429
v -4.428572 0.000000 -1.571429
v -4.142857 0.000000 -1.571429
v -3.857143 0.000000 -1.571429
v -3.571429 0.000000 -1.571429
v -3.285714 0.000000 -1.571429
v -3.000000 0.000000 -1.571429
v -2.714286 0.000000 -1.571429
v -2.428571 0.000000 -1.571429
v -2.142857 0.000000 -1.571429
v -1.857143 0.000000 -1.571429
v -1.571429 0.000000 -1.571429
v -1.285714 0.000000 -1.571429
v -1.000000 0.000000 -1.571429
v -0.714286 0.000000 -1.571429
v -0.428571 0.000000 -1.571429
v -0.142857 0.000000 -1.571429
v 0.142857 0.000000 -1.571429
v 0.428572 0.000000 -1.571429
v 0.714286 0.000000 -1.571429
v 1.000000 0.000000 -1.571429
v 1.285715 0.000000 -1.571429
v 1.571429 0.000000 -1.571429
v 1.857143 0.000000 -1.571429
v 2.142857 0.000000 -1.571429
v 2.428572 0.000000 -1.571429
v 2.714286 0.000000 -1.571429
v 3.000000 0.000000 -1.571429
v 3.285714 0.000000 -1.571429
v 3.571429 0.000000 -1.571429
v 3.857143 0.000000 -1.571429
v 4.142857 0.000000 -1.571429
v 4.428572 0.000000 -1.571429
v 4.714286 0.000000 -1.571429
v 5.000000 0.000000 -1.571429
v -5.000000 0.000000 -1.857143
v -4.714286 0.000000 -1.857143
v -4.428572 0.000000 -1.857143
v -4.142857 0.000000 -1.857143
v -3.857143 0.000000 -1.857143
v -3.571429 0.000000 -1.857143
v -3.285714 0.000000 -1.857143
v -3.000000 0.000000 -1.857143
v -2.714286 0.000000 -1.857143
v -2.428571 0.000000 -1.857143
v -2.142857 0.000000 -1.857143
v -1.857143 0.000000 -1.857143
v -1.571429 0.000000 -1.857143
v -1.285714 0.000000 -1.857143
v -1.000000 0.000000 -1.857143
v -0.714286 0.000000 -1.857143
v -0.428571 0.000000 -1.857143
v -0.142857 0.000000 -1.857143
v 0.142857 0.000000 -1.857143
v 0.428572 0.000000 -1.857143
v 0.714286 0.000000 -1.857143
v 1.000000 0.000000 -1.857143
v 1.285715 0.000000 -1.857143
v 1.571429 0.000000 -1.857143
v 1.857143 0.000000 -1.857143
v 2.142857 0.000000 -1.857143
v 2.428572 0.000000 -1.857143
v 2.714286 0.000000 -1.857143
v 3.000000 0.000000 -1.857143
v 3.285714 0.000000 -1.857143
v 3.571429 0.000000 -1.857143
v 3.857143 0.000000 -1.857143
v 4.142857 0.000000 -1.857143
v 4.428572 0.000000 -1.857143
v 4.714286 0.000000 -1.857143
v 5.000000 0.000000 -1.857143
v -5.000000 0.000000 -2.142857
v -4.714286 0.000000 -2.142857
v -4.428572 0.000000 -2.142857
v -4.142857 0.000000 -2.142857
v -3.857143 0.000000 -2.142857
v -3.571429 0.000000 -2.142857
v -3.285714 0.000000 -2.142857
v -3.000000 0.000000 -2.142857
v -2.714286 0.000000 -2.142857
v -2.428571 0.000000 -2.142857
v -2.142857 0.000000 -2.142857
v -1.857143 0.000000 -2.142857
v -1.571429 0.000000 -2.142857
v -1.285714 0.000000 -2.142857
v -1.000000 0.000000 -2.142857
v -0.714286 0.000000 -2.142857
v -0.428571 0.000000 -2.142857
v -0.142857 0.000000 -2.142857
v 0.142857 0.000000 -2.142857
v 0.428572 0.000000 -2.142857
v 0.714286 0.000000 -2.142857
v 1.000000 0.000000 -2.142857
v 1.285715 0.000000 -2.142857
v 1.571429 0.000000 -2.142857
v 1.857143 0.000000 -2.142857
v 2.142857 0.000000 -2.142857
v 2.428572 0.000000 -2.142857
v 2.714286 0.000000 -2.142857
v 3.000000 0.000000 -2.142857
v 3.285714 0.000000 -2.142857
v 3.571429 0.000000 -2.142857
v 3.857143 0.000000 -2.142857
v 4.142857 0.000000 -2.142857
v 4.428572 0.000000 -2.142857
v 4.714286 0.000000 -2.142857
v 5.000000 0.000000 -2.142857
v -5.000000 0.000000 -2.428572
v -4.714286 0.000000 -2.428572
v -4.428572 0.000000 -2.428572
v -4.142857 0.000000 -2.428572
v -3.857143 0.000000 -2.428572
v -3.571429 0.000000 -2.428572
v -3.285714 0.000000 -2.428572
v -3.000000 0.000000 -2.428572
v -2.714286 0.000000 -2.428572
v -2.428571 0.000000 -2.428572
v -2.142857 0.000000 -2.428572
v -1.857143 0.000000 -2.428572
v -1.571429 0.000000 -2.428572
v -1.285714 0.000000 -2.428572
v -1.000000 0.000000 -2.428572
v -0.714286 0.000000 -2.428572
v -0.428571 0.000000 -2.428572
v -0.142857 0.000000 -2.428572
v 0.142857 0.000000 -2.428572
v 0.428572 0.000000 -2.428572
v 0.714286 0.000000 -2.428572
v 1.000000 0.000000 -2.428572
v 1.285715 0.000000 -2.428572
v 1.571429 0.000000 -2.428572
v 1.857143 0.000000 -2.428572
v 2.142857 0.000000 -2.428572
v 2.428572 0.000000 -2.428572
v 2.714286 0.000000 -2.428572
v 3.000000 0.000000 -2.428572
v 3.285714 0.000000 -2.428572
v 3.571429 0.000000 -2.428572
v 3.857143 0.000000 -2.428572
v 4.142857 0.000000 -2.428572
v 4.428572 0.000000 -2.428572
v 4.714286 0.000000 -2.428572
v 5.000000 0.000000 -2.428572
v -5.000000 0.000000 -2.714286
v -4.714286 0.000000 -2.714286
v -4.428572 0.000000 -2.714286
v -4.142857 0.000000 -2.714286
v -3.857143 0.000000 -2.714286
v -3.571429 0.000000 -2.714286
v -3.285714 0.000000 -2.714286
v -3.000000 0.000000 -2.714286
v -2.714286 0.000000 -2.714286
v -2.428571 0.000000 -2.714286
v -2.142857 0.000000 -2.714286
v -1.857143 0.000000 -2.714286
v -1.571429 0.000000 -2.714286
v -1.285714 0.000000 -2.714286
v -1.000000 0.000000 -2.714286
v -0.714286 0.000000 -2.714286
v -0.428571 0.000000 -2.714286
v -0.142857 0.000000 -2.714286
v 0.142857 0.000000 -2.714286
v 0.428572 0.000000 -2.714286
v 0.714286 0.000000 -2.714286
v 1.000000 0.000000 -2.714286
v 1.285715 0.000000 -2.714286
v 1.571429 0.000000 -2.714286
v 1.857143 0.000000 -2.714286
v 2.142857 0.000000 -2.714286
v 2.428572 0.000000 -2.714286
v 2.714286 0.000000 -2.714286
v 3.000000 0.000000 -2.714286
v 3.285714 0.000000 -2.714286
v 3.571429 0.000000 -2.714286
v 3.857143 0.000000 -2.714286
v 4.142857 0.000000 -2.714286
v 4.428572 0.000000 -2.714286
v 4.714286 0.000000 -2.714286
v 5.000000 0.000000 -2.714286
v -5.000000 0.000000 -3.000000
v -4.714286 0.000000 -3.000000
v -4.428572 0.000000 -3.000000
v -4.142857 0.000000 -3.000000
v -3.857143 0.000000 -3.000000
v -3.571429 0.000000 -3.000000
v -3.285714 0.000000 -3.000000
v -3.000000 0.000000 -3.000000
v -2.714286 0.000000 -3.000000
v -2.428571 0.000000 -3.000000
v -2.142857 0.000000 -3.000000
v -1.857143 0.000000 -3.000000
v -1.571429 0.000000 -3.000000
v -1.285714 0.000000 -3.000000
v -1.000000 0.000000 -3.000000
v -0.714286 0.000000 -3.000000
v -0.428571 0.000000 -3.000000
v -0.142857 0.000000 -3.000000
v 0.142857 0.000000 -3.000000
v 0.428572 0.000000 -3.000000
v 0.714286 0.000000 -3.000000
v 1.000000 0.000000 -3.000000
v 1.285715 0.000000 -3.000000
v 1.571429 0.000000 -3.000000
v 1.857143 0.000000 -3.000000
v 2.142857 0.000000 -3.000000
v 2.428572 0.000000 -3.000000
v 2.714286 0.000000 -3.000000
v 3.000000 0.000000 -3.000000
v 3.285714 0.000000 -3.000000
v 3.571429 0.000000 -3.000000
v 3.857143 0.000000 -3.000000
v 4.142857 0.000000 -3.000000
v 4.428572 0.000000 -3.000000
v 4.714286 0.000000 -3.000000
v 5.000000 0.000000 -3.000000
v -5.000000 0.000000 -3.285714
v -4.714286 0.000000 -3.285714
v -4.428572 0.000000 -3.285714
v -4.142857 0.000000 -3.285714
v -3.857143 0.000000 -3.285714
v -3.571429 0.000000 -3.285714
v -3.285714 0.000000 -3.285714
v -3.000000 0.000000 -3.285714
v -2.714286 0.000000 -3.285714
v -2.428571 0.000000 -3.285714
v -2.142857 0.000000 -3.285714
v -1.857143 0.000000 -3.285714
v -1.571429 0.000000 -3.285714
v -1.285714 0.000000 -3.285714
v -1.000000 0.000000 -3.285714
v -0.714286 0.000000 -3.285714
v -0.428571 0.000000 -3.285714
v -0.142857 0.000000 -3.285714
v 0.142857 0.000000 -3.285714
v 0.428572 0.000000 -3.285714
v 0.714286 0.000000 -3.285714
v 1.000000 0.000000 -3.285714
v 1.285715 0.000000 -3.285714
v 1.571429 0.000000 -3.285714
v 1.857143 0.000000 -3.285714
v 2.142857 0.000000 -3.285714
v 2.428572 0.000000 -3.285714
v 2.714286 0.000000 -3.285714
v 3.000000 0.000000 -3.285714
v 3.285714 0.000000 -3.285714
v 3.571429 0.000000 -3.285714
v 3.857143 0.000000 -3.285714
v 4.142857 0.000000 -3.285714
v 4.428572 0.000000 -3.285714
v 4.714286 0.000000 -3.285714
v 5.000000 0.000000 -3.285714
v -5.000000 0.000000 -3.571429
v -4.714286 0.000000 -3.571429
v -4.428572 0.000000 -3.571429
v -4.142857 0.000000 -3.571429
v -3.857143 0.000000 -3.571429
v -3.571429 0.000000 -3.571429
v -3.285714 0.000000 -3.571429
v -3.000000 0.000000 -3.571429
v -2.714286 0.000000 -3.571429
v -2.428571 0.000000 -3.571429
v -2.142857 0.000000 -3.571429
v -1.857143 0.000000 -3.571429
v -1.571429 0.000000 -3.571429
v -1.285714 0.000000 -3.571429
v -1.000000 0.000000 -3.571429
v -0.714286 0.000000 -3.571429
v -0.428571 0.000000 -3.571429
v -0.142857 0.000000 -3.571429
v 0.142857 0.000000 -3.571429
v 0.428572 0.000000 -3.571429
v 0.714286 0.000000 -3.571429
v 1.000000 0.000000 -3.571429
v 1.285715 0.000000 -3.571429
v 1.571429 0.000000 -3.571429
v 1.857143 0.000000 -3.571429
v 2.142857 0.000000 -3.571429
v 2.428572 0.000000 -3.571429
v 2.714286 0.000000 -3.571429
v 3.000000 0.000000 -3.571429
v 3.285714 0.000000 -3.571429
v 3.571429 0.000000 -3.571429
v 3.857143 0.000000 -3.571429
v 4.142857 0.000000 -3.571429
v 4.428572 0.000000 -3.571429
v 4.714286 0.000000 -3.571429
v 5.000000 0.000000 -3.571429
v -5.000000 0.000000 -3.857143
v -4.714286 0.000000 -3.857143
v -4.428572 0.000000 -3.857143
v -4.142857 0.000000 -3.857143
v -3.857143 0.000000 -3.857143
v -3.571429 0.000000 -3.857143
v -3.285714 0.000000 -3.857143
v -3.000000 0.000000 -3.857143
v -2.714286 0.000000 -3.857143
v -2.428571 0.000000 -3.857143
v -2.142857 0.000000 -3.857143
v -1.857143 0.000000 -3.857143
v -1.571429 0.000000 -3.857143
v -1.285714 0.000000 -3.857143
v -1.000000 0.000000 -3.857143
v -0.714286 0.000000 -3.857143
v -0.428571 0.000000 -3.857143
v -0.142857 0.000000 -3.857143
v 0.142857 0.000000 -3.857143
v 0.428572 0.000000 -3.857143
v 0.714286 0.000000 -3.857143
v 1.000000 0.000000 -3.857143
v 1.285715 0.000000 -3.857143
v 1.571429 0.000000 -3.857143
v 1.857143 0.000000 -3.857143
v 2.142857 0.000000 -3.857143
v 2.428572 0.000000 -3.857143
v 2.714286 0.000000 -3.857143
v 3.000000 0.000000 -3.857143
v 3.285714 0.000000 -3.857143
v 3.571429 0.000000 -3.857143
v 3.857143 0.000000 -3.857143
v 4.142857 0.000000 -3.857143
v 4.428572 0.000000 -3.857143
v 4.714286 0.000000 -3.857143
v 5.000000 0.000000 -3.857143
v -5.000000 0.000000 -4.142857
v -4.714286 0.000000 -4.142857
v -4.428572 0.000000 -4.142857
v -4.142857 0.000000 -4.142857
v -3.857143 0.000000 -4.142857
v -3.571429 0.000000 -4.142857
v -3.285714 0.000000 -4.142857
v -3.000000 0.000000 -4.142857
v -2.714286 0.000000 -4.142857
v -2.428571 0.000000 -4.142857
v -2.142857 0.000000 -4.142857
v -1.857143 0.000000 -4.142857
v -1.571429 0.000000 -4.142857
v -1.285714 0.000000 -4.142857
v -1.000000 0.000000 -4.142857
v -0.714286 0.000000 -4.142857
v -0.428571 0.000000 -4.142857
v -0.142857 0.000000 -4.142857
v 0.142857 0.000000 -4.142857
v 0.428572 0.000000 -4.142857
v 0.714286 0.000000 -4.142857
v 1.000000 0.000000 -4.142857
v 1.285715 0.000000 -4.142857
v 1.571429 0.000000 -4.142857
v 1.857143 0.000000 -4.142857
v 2.142857 0.000000 -4.142857
v 2.428572 0.000000 -4.142857
v 2.714286 0.000000 -4.142857
v 3.000000 0.000000 -4.142857
v 3.285714 0.000000 -4.142857
v 3.571429 0.000000 -4.142857
v 3.857143 0.000000 -4.142857
v 4.142857 0.000000 -4.142857
v 4.428572 0.000000 -4.142857
v 4.714286 0.000000 -4.142857
v 5.000000 0.000000 -4.142857
v -5.000000 0.000000 -4.428572
v -4.714286 0.000000 -4.428572
v -4.428572 0.000000 -4.428572
v -4.142857 0.000000 -4.428572
v -3.857143 0.000000 -4.428572
v -3.571429 0.000000 -4.428572
v -3.285714 0.000000 -4.428572
v -3.000000 0.000000 -4.428572
v -2.714286 0.000000 -4.428572
v -2.428571 0.000000 -4.428572
v -2.142857 0.000000 -4.428572
v -1.857143 0.000000 -4.428572
v -1.571429 0.000000 -4.428572
v -1.285714 0.000000 -4.428572
v -1.000000 0.000000 -4.428572
v -0.714286 0.000000 -4.428572
v -0.428571 0.000000 -4.428572
v -0.142857 0.000000 -4.428572
v 0.142857 0.000000 -4.428572
v 0.428572 0.000000 -4.428572
v 0.714286 0.000000 -4.428572
v 1.000000 0.000000 -4.428572
v 1.285715 0.000000 -4.428572
v 1.571429 0.000000 -4.428572
v 1.857143 0.000000 -4.428572
v 2.142857 0.000000 -4.428572
v 2.428572 0.000000 -4.428572
v 2.714286 0.000000 -4.428572
v 3.000000 0.000000 -4.428572
v 3.285714 0.000000 -4.428572
v 3.571429 0.000000 -4.428572
v 3.857143 0.000000 -4.428572
v 4.142857 0.000000 -4.428572
v 4.428572 0.000000 -4.428572
v 4.714286 0.000000 -4.428572
v 5.000000 0.000000 -4.428572
v -5.000000 0.000000 -4.714286
v -4.714286 0.000000 -4.714286
v -4.428572 0.000000 -4.714286
v -4.142857 0.000000 -4.714286
v -3.857143 0.000000 -4.714286
v -3.571429 0.000000 -4.714286
v -3.285714 0.000000 -4.714286
v -3.000000 0.000000 -4.714286
v -2.714286 0.000000 -4.714286
v -2.428571 0.000000 -4.714286
v -2.142857 0.000000 -4.714286
v -1.857143 0.000000 -4.714286
v -1.571429 0.000000 -4.714286
v -1.285714 0.000000 -4.714286
v -1.000000 0.000000 -4.714286
v -0.714286 0.000000 -4.714286
v -0.428571 0.000000 -4.714286
v -0.142857 0.000000 -4.714286
v 0.142857 0.000000 -4.714286
v 0.428572 0.000000 -4.714286
v 0.714286 0.000000 -4.714286
v 1.000000 0.000000 -4.714286
v 1.285715 0.000000 -4.714286
v 1.571429 0.000000 -4.714286
v 1.857143 0.000000 -4.714286
v 2.142857 0.000000 -4.714286
v 2.428572 0.000000 -4.714286
v 2.714286 0.000000 -4.714286
v 3.000000 0.000000 -4.714286
v 3.285714 0.000000 -4.714286
v 3.571429 0.000000 -4.714286
v 3.857143 0.000000 -4.714286
v 4.142857 0.000000 -4.714286
v 4.428572 0.000000 -4.714286
v 4.714286 0.000000 -4.714286
v 5.000000 0.000000 -4.714286
v -5.000000 0.000000 -5.000000
v -4.714286 0.000000 -5.000000
v -4.428572 0.000000 -5.000000
v -4.142857 0.000000 -5.000000
v -3.857143 0.000000 -5.000000
v -3.571429 0.000000 -5.000000
v -3.285714 0.000000 -5.000000
v -3.000000 0.000000 -5.000000
v -2.714286 0.000000 -5.000000
v -2.428571 0.000000 -5.000000
v -2.142857 0.000000 -5.000000
v -1.857143 0.000000 -5.000000
v -1.571429 0.000000 -5.000000
v -1.285714 0.000000 -5.000000
v -1.000000 0.000000 -5.000000
v -0.714286 0.000000 -5.000000
v -0.428571 0.000000 -5.000000
v -0.142857 0.000000 -5.000000
v 0.142857 0.000000 -5.000000
v 0.428572 0.000000 -5.000000
v 0.714286 0.000000 -5.000000
v 1.000000 0.000000 -5.000000
v 1.285715 0.000000 -5.000000
v 1.571429 0.000000 -5.000000
v 1.857143 0.000000 -5.000000
v 2.142857 0.000000 -5.000000
v 2.428572 0.000000 -5.000000
v 2.714286 0.000000 -5.000000
v 3.000000 0.000000 -5.000000
v 3.285714 0.000000 -5.000000
v 3.571429 0.000000 -5.000000
v 3.857143 0.000000 -5.000000
v 4.142857 0.000000 -5.000000
v 4.428572 0.000000 -5.000000
v 4.714286 0.000000 -5.000000
v 5.000000 0.000000 -5.000000
vn -0.0000 1.0000 -0.0000
vt 0.000000 0.000000
vt 0.028571 0.000000
vt 0.028571 0.028571
vt 0.000000 0.028571
vt 0.057143 0.000000
vt 0.057143 0.028571
vt 0.085714 0.000000
vt 0.085714 0.028571
vt 0.057143 0.028571
vt 0.114286 0.000000
vt 0.114286 0.028571
vt 0.142857 0.000000
vt 0.142857 0.028571
vt 0.114286 0.028571
vt 0.171429 0.000000
vt 0.171429 0.028571
vt 0.200000 0.000000
vt 0.200000 0.028571
vt 0.228571 0.000000
vt 0.228571 0.028571
vt 0.257143 0.000000
vt 0.257143 0.028571
vt 0.228571 0.028571
vt 0.285714 0.000000
vt 0.285714 0.028571
vt 0.314286 0.000000
vt 0.314286 0.028571
vt 0.342857 0.000000
vt 0.342857 0.028571
vt 0.371429 0.000000
vt 0.371429 0.028571
vt 0.400000 0.000000
vt 0.400000 0.028571
vt 0.428571 0.000000
vt 0.428571 0.028571
vt 0.457143 0.000000
vt 0.457143 0.028571
vt 0.485714 0.000000
vt 0.485714 0.028571
vt 0.514286 0.000000
vt 0.514286 0.028571
vt 0.485714 0.028571
vt 0.542857 0.000000
vt 0.542857 0.028571
vt 0.571429 0.000000
vt 0.571429 0.028571
vt 0.600000 0.000000
vt 0.600000 0.028571
vt 0.628571 0.000000
vt 0.628571 0.028571
vt 0.657143 0.000000
vt 0.657143 0.028571
vt 0.685714 0.000000
vt 0.685714 0.028571
vt 0.714286 0.000000
vt 0.714286 0.028571
vt 0.742857 0.000000
vt 0.742857 0.028571
vt 0.771429 0.000000
vt 0.771429 0.028571
vt 0.800000 0.000000
vt 0.800000 0.028571
vt 0.828571 0.000000
vt 0.828571 0.028571
vt 0.857143 0.000000
vt 0.857143 0.028571
vt 0.885714 0.000000
vt 0.885714 0.028571
vt 0.914286 0.000000
vt 0.914286 0.028571
vt 0.942857 0.000000
vt 0.942857 0.028571
vt 0.971429 0.000000
vt 0.971429 0.028571
vt 1.000000 0.000000
vt 1.000000 0.028571
vt 0.028571 0.057143
vt 0.000000 0.057143
vt 0.057143 0.057143
vt 0.085714 0.057143
vt 0.057143 0.057143
vt 0.114286 0.057143
vt 0.142857 0.057143
vt 0.114286 0.057143
vt 0.171429 0.057143
vt 0.200000 0.057143
vt 0.228571 0.057143
vt 0.257143 0.057143
vt 0.228571 0.057143
vt 0.285714 0.057143
vt 0.314286 0.057143
vt 0.342857 0.057143
vt 0.371429 0.057143
vt 0.400000 0.057143
vt 0.428571 0.057143
vt 0.457143 0.057143
vt 0.485714 0.057143
vt 0.514286 0.057143
vt 0.485714 0.057143
vt 0.542857 0.057143
vt 0.571429 0.057143
vt 0.600000 0.057143
vt 0.628571 0.057143
vt 0.657143 0.057143
vt 0.685714 0.057143
vt 0.714286 0.057143
vt 0.742857 0.057143
vt 0.771429 0.057143
vt 0.800000 0.057143
vt 0.828571 0.057143
vt 0.857143 0.057143
vt 0.885714 0.057143
vt 0.914286 0.057143
vt 0.942857 0.057143
vt 0.971429 0.057143
vt 1.000000 0.057143
vt 0.000000 0.057143
vt 0.028571 0.057143
vt 0.028571 0.085714
vt 0.000000 0.085714
vt 0.057143 0.057143
vt 0.057143 0.085714
vt 0.085714 0.057143
vt 0.085714 0.085714
vt 0.057143 0.085714
vt 0.114286 0.057143
vt 0.114286 0.085714
vt 0.142857 0.057143
vt 0.142857 0.085714
vt 0.114286 0.085714
vt 0.171429 0.057143
vt 0.171429 0.085714
vt 0.200000 0.057143
vt 0.200000 0.085714
vt 0.228571 0.057143
vt 0.228571 0.085714
vt 0.257143 0.057143
vt 0.257143 0.085714
vt 0.228571 0.085714
vt 0.285714 0.057143
vt 0.285714 0.085714
vt 0.314286 0.057143
vt 0.314286 0.085714
vt 0.342857 0.057143
vt 0.342857 0.085714
vt 0.371429 0.057143
vt 0.371429 0.085714
vt 0.400000 0.057143
vt 0.400000 0.085714
vt 0.428571 0.057143
vt 0.428571 0.085714
vt 0.457143 0.057143
vt 0.457143 0.085714
vt 0.485714 0.057143
vt 0.485714 0.085714
vt 0.514286 0.057143
vt 0.514286 0.085714
vt 0.485714 0.085714
vt 0.542857 0.057143
vt 0.542857 0.085714
vt 0.571429 0.057143
vt 0.571429 0.085714
vt 0.600000 0.057143
vt 0.600000 0.085714
vt 0.628571 0.057143
vt 0.628571 0.085714
vt 0.657143 0.057143
vt 0.657143 0.085714
vt 0.685714 0.057143
vt 0.685714 0.085714
vt 0.714286 0.057143
vt 0.714286 0.085714
vt 0.742857 0.057143
vt 0.742857 0.085714
vt 0.771429 0.057143
vt 0.771429 0.085714
vt 0.800000 0.057143
vt 0.800000 0.085714
vt 0.828571 0.057143
vt 0.828571 0.085714
vt 0.857143 0.057143
vt 0.857143 0.085714
vt 0.885714 0.057143
vt 0.885714 0.085714
vt 0.914286 0.057143
vt 0.914286 0.085714
vt 0.942857 0.057143
vt 0.942857 0.085714
vt 0.971429 0.057143
vt 0.971429 0.085714
vt 1.000000 0.057143
vt 1.000000 0.085714
vt 0.028571 0.114286
vt 0.000000 0.114286
vt 0.057143 0.114286
vt 0.085714 0.114286
vt 0.057143 0.114286
vt 0.114286 0.114286
vt 0.142857 0.114286
vt 0.114286 0.114286
vt 0.171429 0.114286
vt 0.200000 0.114286
vt 0.228571 0.114286
vt 0.257143 0.114286
vt 0.228571 0.114286
vt 0.285714 0.114286
vt 0.314286 0.114286
vt 0.342857 0.114286
vt 0.371429 0.114286
vt 0.400000 0.114286
vt 0.428571 0.114286
vt 0.457143 0.114286
vt 0.485714 0.114286
vt 0.514286 0.114286
vt 0.485714 0.114286
vt 0.542857 0.114286
vt 0.571429 0.114286
vt 0.600000 0.114286
vt 0.628571 0.114286
vt 0.657143 0.114286
vt 0.685714 0.114286
vt 0.714286 0.114286
vt 0.742857 0.114286
vt 0.771429 0.114286
vt 0.800000 0.114286
vt 0.828571 0.114286
vt 0.857143 0.114286
vt 0.885714 0.114286
vt 0.914286 0.114286
vt 0.942857 0.114286
vt 0.971429 0.114286
vt 1.000000 0.114286
vt 0.000000 0.114286
vt 0.028571 0.114286
vt 0.028571 0.142857
vt 0.000000 0.142857
vt 0.057143 0.114286
vt 0.057143 0.142857
vt 0.085714 0.114286
vt 0.085714 0.142857
vt 0.057143 0.142857
vt 0.114286 0.114286
vt 0.114286 0.142857
vt 0.142857 0.114286
vt 0.142857 0.142857
vt 0.114286 0.142857
vt 0.171429 0.114286
vt 0.171429 0.142857
vt 0.200000 0.114286
vt 0.200000 0.142857
vt 0.228571 0.114286
vt 0.228571 0.142857
vt 0.257143 0.114286
vt 0.257143 0.142857
vt 0.228571 0.142857
vt 0.285714 0.114286
vt 0.285714 0.142857
vt 0.314286 0.114286
vt 0.314286 0.142857
vt 0.342857 0.114286
vt 0.342857 0.142857
vt 0.371429 0.114286
vt 0.371429 0.142857
vt 0.400000 0.114286
vt 0.400000 0.142857
vt 0.428571 0.114286
vt 0.428571 0.142857
vt 0.457143 0.114286
vt 0.457143 0.142857
vt 0.485714 0.114286
vt 0.485714 0.142857
vt 0.514286 0.114286
vt 0.514286 0.142857
vt 0.485714 0.142857
vt 0.542857 0.114286
vt 0.542857 0.142857
vt 0.571429 0.114286
vt 0.571429 0.142857
vt 0.600000 0.114286
vt 0.600000 0.142857
vt 0.628571 0.114286
vt 0.628571 0.142857
vt 0.657143 0.114286
vt 0.657143 0.142857
vt 0.685714 0.114286
vt 0.685714 0.142857
vt 0.714286 0.114286
vt 0.714286 0.142857
vt 0.742857 0.114286
vt 0.742857 0.142857
vt 0.771429 0.114286
vt 0.771429 0.142857
vt 0.800000 0.114286
vt 0.800000 0.142857
vt 0.828571 0.114286
vt 0.828571 0.142857
vt 0.857143 0.114286
vt 0.857143 0.142857
vt 0.885714 0.114286
vt 0.885714 0.142857
vt 0.914286 0.114286
vt 0.914286 0.142857
vt 0.942857 0.114286
vt 0.942857 0.142857
vt 0.971429 0.114286
vt 0.971429 0.142857
vt 1.000000 0.114286
vt 1.000000 0.142857
vt 0.028571 0.171429
vt 0.000000 0.171429
vt 0.057143 0.171429
vt 0.085714 0.171429
vt 0.057143 0.171429
vt 0.114286 0.171429
vt 0.142857 0.171429
vt 0.114286 0.171429
vt 0.171429 0.171429
vt 0.200000 0.171429
vt 0.228571 0.171429
vt 0.257143 0.171429
vt 0.228571 0.171429
vt 0.285714 0.171429
vt 0.314286 0.171429
vt 0.342857 0.171429
vt 0.371429 0.171429
vt 0.400000 0.171429
vt 0.428571 0.171429
vt 0.457143 0.171429
vt 0.485714 0.171429
vt 0.514286 0.171429
vt 0.485714 0.171429
vt 0.542857 0.171429
vt 0.571429 0.171429
vt 0.600000 0.171429
vt 0.628571 0.171429
vt 0.657143 0.171429
vt 0.685714 0.171429
vt 0.714286 0.171429
vt 0.742857 0.171429
vt 0.771429 0.171429
vt 0.800000 0.171429
vt 0.828571 0.171429
vt 0.857143 0.171429
vt 0.885714 0.171429
vt 0.914286 0.171429
vt 0.942857 0.171429
vt 0.971429 0.171429
vt 1.000000 0.171429
vt 0.028571 0.200000
vt 0.000000 0.200000
vt 0.057143 0.200000
vt 0.085714 0.200000
vt 0.057143 0.200000
vt 0.114286 0.200000
vt 0.142857 0.200000
vt 0.114286 0.200000
vt 0.171429 0.200000
vt 0.200000 0.200000
vt 0.228571 0.200000
vt 0.257143 0.200000
vt 0.228571 0.200000
vt 0.285714 0.200000
vt 0.314286 0.200000
vt 0.342857 0.200000
vt 0.371429 0.200000
vt 0.400000 0.200000
vt 0.428571 0.200000
vt 0.457143 0.200000
vt 0.485714 0.200000
vt 0.514286 0.200000
vt 0.485714 0.200000
vt 0.542857 0.200000
vt 0.571429 0.200000
vt 0.600000 0.200000
vt 0.628571 0.200000
vt 0.657143 0.200000
vt 0.685714 0.200000
vt 0.714286 0.200000
vt 0.742857 0.200000
vt 0.771429 0.200000
vt 0.800000 0.200000
vt 0.828571 0.200000
vt 0.857143 0.200000
vt 0.885714 0.200000
vt 0.914286 0.200000
vt 0.942857 0.200000
vt 0.971429 0.200000
vt 1.000000 0.200000
vt 0.028571 0.228571
vt 0.000000 0.228571
vt 0.057143 0.228571
vt 0.085714 0.228571
vt 0.057143 0.228571
vt 0.114286 0.228571
vt 0.142857 0.228571
vt 0.114286 0.228571
vt 0.171429 0.228571
vt 0.200000 0.228571
vt 0.228571 0.228571
vt 0.257143 0.228571
vt 0.228571 0.228571
vt 0.285714 0.228571
vt 0.314286 0.228571
vt 0.342857 0.228571
vt 0.371429 0.228571
vt 0.400000 0.228571
vt 0.428571 0.228571
vt 0.457143 0.228571
vt 0.485714 0.228571
vt 0.514286 0.228571
vt 0.485714 0.228571
vt 0.542857 0.228571
vt 0.571429 0.228571
vt 0.600000 0.228571
vt 0.628571 0.228571
vt 0.657143 0.228571
vt 0.685714 0.228571
vt 0.714286 0.228571
vt 0.742857 0.228571
vt 0.771429 0.228571
vt 0.800000 0.228571
vt 0.828571 0.228571
vt 0.857143 0.228571
vt 0.885714 0.228571
vt 0.914286 0.228571
vt 0.942857 0.228571
vt 0.971429 0.228571
vt 1.000000 0.228571
vt 0.000000 0.228571
vt 0.028571 0.228571
vt 0.028571 0.257143
vt 0.000000 0.257143
vt 0.057143 0.228571
vt 0.057143 0.257143
vt 0.085714 0.228571
vt 0.085714 0.257143
vt 0.057143 0.257143
vt 0.114286 0.228571
vt 0.114286 0.257143
vt 0.142857 0.228571
vt 0.142857 0.257143
vt 0.114286 0.257143
vt 0.171429 0.228571
vt 0.171429 0.257143
vt 0.200000 0.228571
vt 0.200000 0.257143
vt 0.228571 0.228571
vt 0.228571 0.257143
vt 0.257143 0.228571
vt 0.257143 0.257143
vt 0.228571 0.257143
vt 0.285714 0.228571
vt 0.285714 0.257143
vt 0.314286 0.228571
vt 0.314286 0.257143
vt 0.342857 0.228571
vt 0.342857 0.257143
vt 0.371429 0.228571
vt 0.371429 0.257143
vt 0.400000 0.228571
vt 0.400000 0.257143
vt 0.428571 0.228571
vt 0.428571 0.257143
vt 0.457143 0.228571
vt 0.457143 0.257143
vt 0.485714 0.228571
vt 0.485714 0.257143
vt 0.514286 0.228571
vt 0.514286 0.257143
vt 0.485714 0.257143
vt 0.542857 0.228571
vt 0.542857 0.257143
vt 0.571429 0.228571
vt 0.571429 0.257143
vt 0.600000 0.228571
vt 0.600000 0.257143
vt 0.628571 0.228571
vt 0.628571 0.257143
vt 0.657143 0.228571
vt 0.657143 0.257143
vt 0.685714 0.228571
vt 0.685714 0.257143
vt 0.714286 0.228571
vt 0.714286 0.257143
vt 0.742857 0.228571
vt 0.742857 0.257143
vt 0.771429 0.228571
vt 0.771429 0.257143
vt 0.800000 0.228571
vt 0.800000 0.257143
vt 0.828571 0.228571
vt 0.828571 0.257143
vt 0.857143 0.228571
vt 0.857143 0.257143
vt 0.885714 0.228571
vt 0.885714 0.257143
vt 0.914286 0.228571
vt 0.914286 0.257143
vt 0.942857 0.228571
vt 0.942857 0.257143
vt 0.971429 0.228571
vt 0.971429 0.257143
vt 1.000000 0.228571
vt 1.000000 0.257143
vt 0.028571 0.285714
vt 0.000000 0.285714
vt 0.057143 0.285714
vt 0.085714 0.285714
vt 0.057143 0.285714
vt 0.114286 0.285714
vt 0.142857 0.285714
vt 0.114286 0.285714
vt 0.171429 0.285714
vt 0.200000 0.285714
vt 0.228571 0.285714
vt 0.257143 0.285714
vt 0.228571 0.285714
vt 0.285714 0.285714
vt 0.314286 0.285714
vt 0.342857 0.285714
vt 0.371429 0.285714
vt 0.400000 0.285714
vt 0.428571 0.285714
vt 0.457143 0.285714
vt 0.485714 0.285714
vt 0.514286 0.285714
vt 0.485714 0.285714
vt 0.542857 0.285714
vt 0.571429 0.285714
vt 0.600000 0.285714
vt 0.628571 0.285714
vt 0.657143 0.285714
vt 0.685714 0.285714
vt 0.714286 0.285714
vt 0.742857 0.285714
vt 0.771429 0.285714
vt 0.800000 0.285714
vt 0.828571 0.285714
vt 0.857143 0.285714
vt 0.885714 0.285714
vt 0.914286 0.285714
vt 0.942857 0.285714
vt 0.971429 0.285714
vt 1.000000 0.285714
vt 0.028571 0.314286
vt 0.000000 0.314286
vt 0.057143 0.314286
vt 0.085714 0.314286
vt 0.057143 0.314286
vt 0.114286 0.314286
vt 0.142857 0.314286
vt 0.114286 0.314286
vt 0.171429 0.314286
vt 0.200000 0.314286
vt 0.228571 0.314286
vt 0.257143 0.314286
vt 0.228571 0.314286
vt 0.285714 0.314286
vt 0.314286 0.314286
vt 0.342857 0.314286
vt 0.371429 0.314286
vt 0.400000 0.314286
vt 0.428571 0.314286
vt 0.457143 0.314286
vt 0.485714 0.314286
vt 0.514286 0.314286
vt 0.485714 0.314286
vt 0.542857 0.314286
vt 0.571429 0.314286
vt 0.600000 0.314286
vt 0.628571 0.314286
vt 0.657143 0.314286
vt 0.685714 0.314286
vt 0.714286 0.314286
vt 0.742857 0.314286
vt 0.771429 0.314286
vt 0.800000 0.314286
vt 0.828571 0.314286
vt 0.857143 0.314286
vt 0.885714 0.314286
vt 0.914286 0.314286
vt 0.942857 0.314286
vt 0.971429 0.314286
vt 1.000000 0.314286
vt 0.028571 0.342857
vt 0.000000 0.342857
vt 0.057143 0.342857
vt 0.085714 0.342857
vt 0.057143 0.342857
vt 0.114286 0.342857
vt 0.142857 0.342857
vt 0.114286 0.342857
vt 0.171429 0.342857
vt 0.200000 0.342857
vt 0.228571 0.342857
vt 0.257143 0.342857
vt 0.228571 0.342857
vt 0.285714 0.342857
vt 0.314286 0.342857
vt 0.342857 0.342857
vt 0.371429 0.342857
vt 0.400000 0.342857
vt 0.428571 0.342857
vt 0.457143 0.342857
vt 0.485714 0.342857
vt 0.514286 0.342857
vt 0.485714 0.342857
vt 0.542857 0.342857
vt 0.571429 0.342857
vt 0.600000 0.342857
vt 0.628571 0.342857
vt 0.657143 0.342857
vt 0.685714 0.342857
vt 0.714286 0.342857
vt 0.742857 0.342857
vt 0.771429 0.342857
vt 0.800000 0.342857
vt 0.828571 0.342857
vt 0.857143 0.342857
vt 0.885714 0.342857
vt 0.914286 0.342857
vt 0.942857 0.342857
vt 0.971429 0.342857
vt 1.000000 0.342857
vt 0.028571 0.371429
vt 0.000000 0.371429
vt 0.057143 0.371429
vt 0.085714 0.371429
vt 0.057143 0.371429
vt 0.114286 0.371429
vt 0.142857 0.371429
vt 0.114286 0.371429
vt 0.171429 0.371429
vt 0.200000 0.371429
vt 0.228571 0.371429
vt 0.257143 0.371429
vt 0.228571 0.371429
vt 0.285714 0.371429
vt 0.314286 0.371429
vt 0.342857 0.371429
vt 0.371429 0.371429
vt 0.400000 0.371429
vt 0.428571 0.371429
vt 0.457143 0.371429
vt 0.485714 0.371429
vt 0.514286 0.371429
vt 0.485714 0.371429
vt 0.542857 0.371429
vt 0.571429 0.371429
vt 0.600000 0.371429
vt 0.628571 0.371429
vt 0.657143 0.371429
vt 0.685714 0.371429
vt 0.714286 0.371429
vt 0.742857 0.371429
vt 0.771429 0.371429
vt 0.800000 0.371429
vt 0.828571 0.371429
vt 0.857143 0.371429
vt 0.885714 0.371429
vt 0.914286 0.371429
vt 0.942857 0.371429
vt 0.971429 0.371429
vt 1.000000 0.371429
vt 0.028571 0.400000
vt 0.000000 0.400000
vt 0.057143 0.400000
vt 0.085714 0.400000
vt 0.057143 0.400000
vt 0.114286 0.400000
vt 0.142857 0.400000
vt 0.114286 0.400000
vt 0.171429 0.400000
vt 0.200000 0.400000
vt 0.228571 0.400000
vt 0.257143 0.400000
vt 0.228571 0.400000
vt 0.285714 0.400000
vt 0.314286 0.400000
vt 0.342857 0.400000
vt 0.371429 0.400000
vt 0.400000 0.400000
vt 0.428571 0.400000
vt 0.457143 0.400000
vt 0.485714 0.400000
vt 0.514286 0.400000
vt 0.485714 0.400000
vt 0.542857 0.400000
vt 0.571429 0.400000
vt 0.600000 0.400000
vt 0.628571 0.400000
vt 0.657143 0.400000
vt 0.685714 0.400000
vt 0.714286 0.400000
vt 0.742857 0.400000
vt 0.771429 0.400000
vt 0.800000 0.400000
vt 0.828571 0.400000
vt 0.857143 0.400000
vt 0.885714 0.400000
vt 0.914286 0.400000
vt 0.942857 0.400000
vt 0.971429 0.400000
vt 1.000000 0.400000
vt 0.028571 0.428571
vt 0.000000 0.428571
vt 0.057143 0.428571
vt 0.085714 0.428571
vt 0.057143 0.428571
vt 0.114286 0.428571
vt 0.142857 0.428571
vt 0.114286 0.428571
vt 0.171429 0.428571
vt 0.200000 0.428571
vt 0.228571 0.428571
vt 0.257143 0.428571
vt 0.228571 0.428571
vt 0.285714 0.428571
vt 0.314286 0.428571
vt 0.342857 0.428571
vt 0.371429 0.428571
vt 0.400000 0.428571
vt 0.428571 0.428571
vt 0.457143 0.428571
vt 0.485714 0.428571
vt 0.514286 0.428571
vt 0.485714 0.428571
vt 0.542857 0.428571
vt 0.571429 0.428571
vt 0.600000 0.428571
vt 0.628571 0.428571
vt 0.657143 0.428571
vt 0.685714 0.428571
vt 0.714286 0.428571
vt 0.742857 0.428571
vt 0.771429 0.428571
vt 0.800000 0.428571
vt 0.828571 0.428571
vt 0.857143 0.428571
vt 0.885714 0.428571
vt 0.914286 0.428571
vt 0.942857 0.428571
vt 0.971429 0.428571
vt 1.000000 0.428571
vt 0.028571 0.457143
vt 0.000000 0.457143
vt 0.057143 0.457143
vt 0.085714 0.457143
vt 0.057143 0.457143
vt 0.114286 0.457143
vt 0.142857 0.457143
vt 0.114286 0.457143
vt 0.171429 0.457143
vt 0.200000 0.457143
vt 0.228571 0.457143
vt 0.257143 0.457143
vt 0.228571 0.457143
vt 0.285714 0.457143
vt 0.314286 0.457143
vt 0.342857 0.457143
vt 0.371429 0.457143
vt 0.400000 0.457143
vt 0.428571 0.457143
vt 0.457143 0.457143
vt 0.485714 0.457143
vt 0.514286 0.457143
vt 0.485714 0.457143
vt 0.542857 0.457143
vt 0.571429 0.457143
vt 0.600000 0.457143
vt 0.628571 0.457143
vt 0.657143 0.457143
vt 0.685714 0.457143
vt 0.714286 0.457143
vt 0.742857 0.457143
vt 0.771429 0.457143
vt 0.800000 0.457143
vt 0.828571 0.457143
vt 0.857143 0.457143
vt 0.885714 0.457143
vt 0.914286 0.457143
vt 0.942857 0.457143
vt 0.971429 0.457143
vt 1.000000 0.457143
vt 0.028571 0.485714
vt 0.000000 0.485714
vt 0.057143 0.485714
vt 0.085714 0.485714
vt 0.057143 0.485714
vt 0.114286 0.485714
vt 0.142857 0.485714
vt 0.114286 0.485714
vt 0.171429 0.485714
vt 0.200000 0.485714
vt 0.228571 0.485714
vt 0.257143 0.485714
vt 0.228571 0.485714
vt 0.285714 0.485714
vt 0.314286 0.485714
vt 0.342857 0.485714
vt 0.371429 0.485714
vt 0.400000 0.485714
vt 0.428571 0.485714
vt 0.457143 0.485714
vt 0.485714 0.485714
vt 0.514286 0.485714
vt 0.485714 0.485714
vt 0.542857 0.485714
vt 0.571429 0.485714
vt 0.600000 0.485714
vt 0.628571 0.485714
vt 0.657143 0.485714
vt 0.685714 0.485714
vt 0.714286 0.485714
vt 0.742857 0.485714
vt 0.771429 0.485714
vt 0.800000 0.485714
vt 0.828571 0.485714
vt 0.857143 0.485714
vt 0.885714 0.485714
vt 0.914286 0.485714
vt 0.942857 0.485714
vt 0.971429 0.485714
vt 1.000000 0.485714
vt 0.000000 0.485714
vt 0.028571 0.485714
vt 0.028571 0.514286
vt 0.000000 0.514286
vt 0.057143 0.485714
vt 0.057143 0.514286
vt 0.085714 0.485714
vt 0.085714 0.514286
vt 0.057143 0.514286
vt 0.114286 0.485714
vt 0.114286 0.514286
vt 0.142857 0.485714
vt 0.142857 0.514286
vt 0.114286 0.514286
vt 0.171429 0.485714
vt 0.171429 0.514286
vt 0.200000 0.485714
vt 0.200000 0.514286
vt 0.228571 0.485714
vt 0.228571 0.514286
vt 0.257143 0.485714
vt 0.257143 0.514286
vt 0.228571 0.514286
vt 0.285714 0.485714
vt 0.285714 0.514286
vt 0.314286 0.485714
vt 0.314286 0.514286
vt 0.342857 0.485714
vt 0.342857 0.514286
vt 0.371429 0.485714
vt 0.371429 0.514286
vt 0.400000 0.485714
vt 0.400000 0.514286
vt 0.428571 0.485714
vt 0.428571 0.514286
vt 0.457143 0.485714
vt 0.457143 0.514286
vt 0.485714 0.485714
vt 0.485714 0.514286
vt 0.514286 0.485714
vt 0.514286 0.514286
vt 0.485714 0.514286
vt 0.542857 0.485714
vt 0.542857 0.514286
vt 0.571429 0.485714
vt 0.571429 0.514286
vt 0.600000 0.485714
vt 0.600000 0.514286
vt 0.628571 0.485714
vt 0.628571 0.514286
vt 0.657143 0.485714
vt 0.657143 0.514286
vt 0.685714 0.485714
vt 0.685714 0.514286
vt 0.714286 0.485714
vt 0.714286 0.514286
vt 0.742857 0.485714
vt 0.742857 0.514286
vt 0.771429 0.485714
vt 0.771429 0.514286
vt 0.800000 0.485714
vt 0.800000 0.514286
vt 0.828571 0.485714
vt 0.828571 0.514286
vt 0.857143 0.485714
vt 0.857143 0.514286
vt 0.885714 0.485714
vt 0.885714 0.514286
vt 0.914286 0.485714
vt 0.914286 0.514286
vt 0.942857 0.485714
vt 0.942857 0.514286
vt 0.971429 0.485714
vt 0.971429 0.514286
vt 1.000000 0.485714
vt 1.000000 0.514286
vt 0.028571 0.542857
vt 0.000000 0.542857
vt 0.057143 0.542857
vt 0.085714 0.542857
vt 0.057143 0.542857
vt 0.114286 0.542857
vt 0.142857 0.542857
vt 0.114286 0.542857
vt 0.171429 0.542857
vt 0.200000 0.542857
vt 0.228571 0.542857
vt 0.257143 0.542857
vt 0.228571 0.542857
vt 0.285714 0.542857
vt 0.314286 0.542857
vt 0.342857 0.542857
vt 0.371429 0.542857
vt 0.400000 0.542857
vt 0.428571 0.542857
vt 0.457143 0.542857
vt 0.485714 0.542857
vt 0.514286 0.542857
vt 0.485714 0.542857
vt 0.542857 0.542857
vt 0.571429 0.542857
vt 0.600000 0.542857
vt 0.628571 0.542857
vt 0.657143 0.542857
vt 0.685714 0.542857
vt 0.714286 0.542857
vt 0.742857 0.542857
vt 0.771429 0.542857
vt 0.800000 0.542857
vt 0.828571 0.542857
vt 0.857143 0.542857
vt 0.885714 0.542857
vt 0.914286 0.542857
vt 0.942857 0.542857
vt 0.971429 0.542857
vt 1.000000 0.542857
vt 0.028571 0.571429
vt 0.000000 0.571429
vt 0.057143 0.571429
vt 0.085714 0.571429
vt 0.057143 0.571429
vt 0.114286 0.571429
vt 0.142857 0.571429
vt 0.114286 0.571429
vt 0.171429 0.571429
vt 0.200000 0.571429
vt 0.228571 0.571429
vt 0.257143 0.571429
vt 0.228571 0.571429
vt 0.285714 0.571429
vt 0.314286 0.571429
vt 0.342857 0.571429
vt 0.371429 0.571429
vt 0.400000 0.571429
vt 0.428571 0.571429
vt 0.457143 0.571429
vt 0.485714 0.571429
vt 0.514286 0.571429
vt 0.485714 0.571429
vt 0.542857 0.571429
vt 0.571429 0.571429
vt 0.600000 0.571429
vt 0.628571 0.571429
vt 0.657143 0.571429
vt 0.685714 0.571429
vt 0.714286 0.571429
vt 0.742857 0.571429
vt 0.771429 0.571429
vt 0.800000 0.571429
vt 0.828571 0.571429
vt 0.857143 0.571429
vt 0.885714 0.571429
vt 0.914286 0.571429
vt 0.942857 0.571429
vt 0.971429 0.571429
vt 1.000000 0.571429
vt 0.028571 0.600000
vt 0.000000 0.600000
vt 0.057143 0.600000
vt 0.085714 0.600000
vt 0.057143 0.600000
vt 0.114286 0.600000
vt 0.142857 0.600000
vt 0.114286 0.600000
vt 0.171429 0.600000
vt 0.200000 0.600000
vt 0.228571 0.600000
vt 0.257143 0.600000
vt 0.228571 0.600000
vt 0.285714 0.600000
vt 0.314286 0.600000
vt 0.342857 0.600000
vt 0.371429 0.600000
vt 0.400000 0.600000
vt 0.428571 0.600000
vt 0.457143 0.600000
vt 0.485714 0.600000
vt 0.514286 0.600000
vt 0.485714 0.600000
vt 0.542857 0.600000
vt 0.571429 0.600000
vt 0.600000 0.600000
vt 0.628571 0.600000
vt 0.657143 0.600000
vt 0.685714 0.600000
vt 0.714286 0.600000
vt 0.742857 0.600000
vt 0.771429 0.600000
vt 0.800000 0.600000
vt 0.828571 0.600000
vt 0.857143 0.600000
vt 0.885714 0.600000
vt 0.914286 0.600000
vt 0.942857 0.600000
vt 0.971429 0.600000
vt 1.000000 0.600000
vt 0.028571 0.628571
vt 0.000000 0.628571
vt 0.057143 0.628571
vt 0.085714 0.628571
vt 0.057143 0.628571
vt 0.114286 0.628571
vt 0.142857 0.628571
vt 0.114286 0.628571
vt 0.171429 0.628571
vt 0.200000 0.628571
vt 0.228571 0.628571
vt 0.257143 0.628571
vt 0.228571 0.628571
vt 0.285714 0.628571
vt 0.314286 0.628571
vt 0.342857 0.628571
vt 0.371429 0.628571
vt 0.400000 0.628571
vt 0.428571 0.628571
vt 0.457143 0.628571
vt 0.485714 0.628571
vt 0.514286 0.628571
vt 0.485714 0.628571
vt 0.542857 0.628571
vt 0.571429 0.628571
vt 0.600000 0.628571
vt 0.628571 0.628571
vt 0.657143 0.628571
vt 0.685714 0.628571
vt 0.714286 0.628571
vt 0.742857 0.628571
vt 0.771429 0.628571
vt 0.800000 0.628571
vt 0.828571 0.628571
vt 0.857143 0.628571
vt 0.885714 0.628571
vt 0.914286 0.628571
vt 0.942857 0.628571
vt 0.971429 0.628571
vt 1.000000 0.628571
vt 0.028571 0.657143
vt 0.000000 0.657143
vt 0.057143 0.657143
vt 0.085714 0.657143
vt 0.057143 0.657143
vt 0.114286 0.657143
vt 0.142857 0.657143
vt 0.114286 0.657143
vt 0.171429 0.657143
vt 0.200000 0.657143
vt 0.228571 0.657143
vt 0.257143 0.657143
vt 0.228571 0.657143
vt 0.285714 0.657143
vt 0.314286 0.657143
vt 0.342857 0.657143
vt 0.371429 0.657143
vt 0.400000 0.657143
vt 0.428571 0.657143
vt 0.457143 0.657143
vt 0.485714 0.657143
vt 0.514286 0.657143
vt 0.485714 0.657143
vt 0.542857 0.657143
vt 0.571429 0.657143
vt 0.600000 0.657143
vt 0.628571 0.657143
vt 0.657143 0.657143
vt 0.685714 0.657143
vt 0.714286 0.657143
vt 0.742857 0.657143
vt 0.771429 0.657143
vt 0.800000 0.657143
vt 0.828571 0.657143
vt 0.857143 0.657143
vt 0.885714 0.657143
vt 0.914286 0.657143
vt 0.942857 0.657143
vt 0.971429 0.657143
vt 1.000000 0.657143
vt 0.028571 0.685714
vt 0.000000 0.685714
vt 0.057143 0.685714
vt 0.085714 0.685714
vt 0.057143 0.685714
vt 0.114286 0.685714
vt 0.142857 0.685714
vt 0.114286 0.685714
vt 0.171429 0.685714
vt 0.200000 0.685714
vt 0.228571 0.685714
vt 0.257143 0.685714
vt 0.228571 0.685714
vt 0.285714 0.685714
vt 0.314286 0.685714
vt 0.342857 0.685714
vt 0.371429 0.685714
vt 0.400000 0.685714
vt 0.428571 0.685714
vt 0.457143 0.685714
vt 0.485714 0.685714
vt 0.514286 0.685714
vt 0.485714 0.685714
vt 0.542857 0.685714
vt 0.571429 0.685714
vt 0.600000 0.685714
vt 0.628571 0.685714
vt 0.657143 0.685714
vt 0.685714 0.685714
vt 0.714286 0.685714
vt 0.742857 0.685714
vt 0.771429 0.685714
vt 0.800000 0.685714
vt 0.828571 0.685714
vt 0.857143 0.685714
vt 0.885714 0.685714
vt 0.914286 0.685714
vt 0.942857 0.685714
vt 0.971429 0.685714
vt 1.000000 0.685714
vt 0.028571 0.714286
vt 0.000000 0.714286
vt 0.057143 0.714286
vt 0.085714 0.714286
vt 0.057143 0.714286
vt 0.114286 0.714286
vt 0.142857 0.714286
vt 0.114286 0.714286
vt 0.171429 0.714286
vt 0.200000 0.714286
vt 0.228571 0.714286
vt 0.257143 0.714286
vt 0.228571 0.714286
vt 0.285714 0.714286
vt 0.314286 0.714286
vt 0.342857 0.714286
vt 0.371429 0.714286
vt 0.400000 0.714286
vt 0.428571 0.714286
vt 0.457143 0.714286
vt 0.485714 0.714286
vt 0.514286 0.714286
vt 0.485714 0.714286
vt 0.542857 0.714286
vt 0.571429 0.714286
vt 0.600000 0.714286
vt 0.628571 0.714286
vt 0.657143 0.714286
vt 0.685714 0.714286
vt 0.714286 0.714286
vt 0.742857 0.714286
vt 0.771429 0.714286
vt 0.800000 0.714286
vt 0.828571 0.714286
vt 0.857143 0.714286
vt 0.885714 0.714286
vt 0.914286 0.714286
vt 0.942857 0.714286
vt 0.971429 0.714286
vt 1.000000 0.714286
vt 0.028571 0.742857
vt 0.000000 0.742857
vt 0.057143 0.742857
vt 0.085714 0.742857
vt 0.057143 0.742857
vt 0.114286 0.742857
vt 0.142857 0.742857
vt 0.114286 0.742857
vt 0.171429 0.742857
vt 0.200000 0.742857
vt 0.228571 0.742857
vt 0.257143 0.742857
vt 0.228571 0.742857
vt 0.285714 0.742857
vt 0.314286 0.742857
vt 0.342857 0.742857
vt 0.371429 0.742857
vt 0.400000 0.742857
vt 0.428571 0.742857
vt 0.457143 0.742857
vt 0.485714 0.742857
vt 0.514286 0.742857
vt 0.485714 0.742857
vt 0.542857 0.742857
vt 0.571429 0.742857
vt 0.600000 0.742857
vt 0.628571 0.742857
vt 0.657143 0.742857
vt 0.685714 0.742857
vt 0.714286 0.742857
vt 0.742857 0.742857
vt 0.771429 0.742857
vt 0.800000 0.742857
vt 0.828571 0.742857
vt 0.857143 0.742857
vt 0.885714 0.742857
vt 0.914286 0.742857
vt 0.942857 0.742857
vt 0.971429 0.742857
vt 1.000000 0.742857
vt 0.028571 0.771429
vt 0.000000 0.771429
vt 0.057143 0.771429
vt 0.085714 0.771429
vt 0.057143 0.771429
vt 0.114286 0.771429
vt 0.142857 0.771429
vt 0.114286 0.771429
vt 0.171429 0.771429
vt 0.200000 0.771429
vt 0.228571 0.771429
vt 0.257143 0.771429
vt 0.228571 0.771429
vt 0.285714 0.771429
vt 0.314286 0.771429
vt 0.342857 0.771429
vt 0.371429 0.771429
vt 0.400000 0.771429
vt 0.428571 0.771429
vt 0.457143 0.771429
vt 0.485714 0.771429
vt 0.514286 0.771429
vt 0.485714 0.771429
vt 0.542857 0.771429
vt 0.571429 0.771429
vt 0.600000 0.771429
vt 0.628571 0.771429
vt 0.657143 0.771429
vt 0.685714 0.771429
vt 0.714286 0.771429
vt 0.742857 0.771429
vt 0.771429 0.771429
vt 0.800000 0.771429
vt 0.828571 0.771429
vt 0.857143 0.771429
vt 0.885714 0.771429
vt 0.914286 0.771429
vt 0.942857 0.771429
vt 0.971429 0.771429
vt 1.000000 0.771429
vt 0.028571 0.800000
vt 0.000000 0.800000
vt 0.057143 0.800000
vt 0.085714 0.800000
vt 0.057143 0.800000
vt 0.114286 0.800000
vt 0.142857 0.800000
vt 0.114286 0.800000
vt 0.171429 0.800000
vt 0.200000 0.800000
vt 0.228571 0.800000
vt 0.257143 0.800000
vt 0.228571 0.800000
vt 0.285714 0.800000
vt 0.314286 0.800000
vt 0.342857 0.800000
vt 0.371429 0.800000
vt 0.400000 0.800000
vt 0.428571 0.800000
vt 0.457143 0.800000
vt 0.485714 0.800000
vt 0.514286 0.800000
vt 0.485714 0.800000
vt 0.542857 0.800000
vt 0.571429 0.800000
vt 0.600000 0.800000
vt 0.628571 0.800000
vt 0.657143 0.800000
vt 0.685714 0.800000
vt 0.714286 0.800000
vt 0.742857 0.800000
vt 0.771429 0.800000
vt 0.800000 0.800000
vt 0.828571 0.800000
vt 0.857143 0.800000
vt 0.885714 0.800000
vt 0.914286 0.800000
vt 0.942857 0.800000
vt 0.971429 0.800000
vt 1.000000 0.800000
vt 0.028571 0.828571
vt 0.000000 0.828571
vt 0.057143 0.828571
vt 0.085714 0.828571
vt 0.057143 0.828571
vt 0.114286 0.828571
vt 0.142857 0.828571
vt 0.114286 0.828571
vt 0.171429 0.828571
vt 0.200000 0.828571
vt 0.228571 0.828571
vt 0.257143 0.828571
vt 0.228571 0.828571
vt 0.285714 0.828571
vt 0.314286 0.828571
vt 0.342857 0.828571
vt 0.371429 0.828571
vt 0.400000 0.828571
vt 0.428571 0.828571
vt 0.457143 0.828571
vt 0.485714 0.828571
vt 0.514286 0.828571
vt 0.485714 0.828571
vt 0.542857 0.828571
vt 0.571429 0.828571
vt 0.600000 0.828571
vt 0.628571 0.828571
vt 0.657143 0.828571
vt 0.685714 0.828571
vt 0.714286 0.828571
vt 0.742857 0.828571
vt 0.771429 0.828571
vt 0.800000 0.828571
vt 0.828571 0.828571
vt 0.857143 0.828571
vt 0.885714 0.828571
vt 0.914286 0.828571
vt 0.942857 0.828571
vt 0.971429 0.828571
vt 1.000000 0.828571
vt 0.028571 0.857143
vt 0.000000 0.857143
vt 0.057143 0.857143
vt 0.085714 0.857143
vt 0.057143 0.857143
vt 0.114286 0.857143
vt 0.142857 0.857143
vt 0.114286 0.857143
vt 0.171429 0.857143
vt 0.200000 0.857143
vt 0.228571 0.857143
vt 0.257143 0.857143
vt 0.228571 0.857143
vt 0.285714 0.857143
vt 0.314286 0.857143
vt 0.342857 0.857143
vt 0.371429 0.857143
vt 0.400000 0.857143
vt 0.428571 0.857143
vt 0.457143 0.857143
vt 0.485714 0.857143
vt 0.514286 0.857143
vt 0.485714 0.857143
vt 0.542857 0.857143
vt 0.571429 0.857143
vt 0.600000 0.857143
vt 0.628571 0.857143
vt 0.657143 0.857143
vt 0.685714 0.857143
vt 0.714286 0.857143
vt 0.742857 0.857143
vt 0.771429 0.857143
vt 0.800000 0.857143
vt 0.828571 0.857143
vt 0.857143 0.857143
vt 0.885714 0.857143
vt 0.914286 0.857143
vt 0.942857 0.857143
vt 0.971429 0.857143
vt 1.000000 0.857143
vt 0.028571 0.885714
vt 0.000000 0.885714
vt 0.057143 0.885714
vt 0.085714 0.885714
vt 0.057143 0.885714
vt 0.114286 0.885714
vt 0.142857 0.885714
vt 0.114286 0.885714
vt 0.171429 0.885714
vt 0.200000 0.885714
vt 0.228571 0.885714
vt 0.257143 0.885714
vt 0.228571 0.885714
vt 0.285714 0.885714
vt 0.314286 0.885714
vt 0.342857 0.885714
vt 0.371429 0.885714
vt 0.400000 0.885714
vt 0.428571 0.885714
vt 0.457143 0.885714
vt 0.485714 0.885714
vt 0.514286 0.885714
vt 0.485714 0.885714
vt 0.542857 0.885714
vt 0.571429 0.885714
vt 0.600000 0.885714
vt 0.628571 0.885714
vt 0.657143 0.885714
vt 0.685714 0.885714
vt 0.714286 0.885714
vt 0.742857 0.885714
vt 0.771429 0.885714
vt 0.800000 0.885714
vt 0.828571 0.885714
vt 0.857143 0.885714
vt 0.885714 0.885714
vt 0.914286 0.885714
vt 0.942857 0.885714
vt 0.971429 0.885714
vt 1.000000 0.885714
vt 0.028571 0.914286
vt 0.000000 0.914286
vt 0.057143 0.914286
vt 0.085714 0.914286
vt 0.057143 0.914286
vt 0.114286 0.914286
vt 0.142857 0.914286
vt 0.114286 0.914286
vt 0.171429 0.914286
vt 0.200000 0.914286
vt 0.228571 0.914286
vt 0.257143 0.914286
vt 0.228571 0.914286
vt 0.285714 0.914286
vt 0.314286 0.914286
vt 0.342857 0.914286
vt 0.371429 0.914286
vt 0.400000 0.914286
vt 0.428571 0.914286
vt 0.457143 0.914286
vt 0.485714 0.914286
vt 0.514286 0.914286
vt 0.485714 0.914286
vt 0.542857 0.914286
vt 0.571429 0.914286
vt 0.600000 0.914286
vt 0.628571 0.914286
vt 0.657143 0.914286
vt 0.685714 0.914286
vt 0.714286 0.914286
vt 0.742857 0.914286
vt 0.771429 0.914286
vt 0.800000 0.914286
vt 0.828571 0.914286
vt 0.857143 0.914286
vt 0.885714 0.914286
vt 0.914286 0.914286
vt 0.942857 0.914286
vt 0.971429 0.914286
vt 1.000000 0.914286
vt 0.028571 0.942857
vt 0.000000 0.942857
vt 0.057143 0.942857
vt 0.085714 0.942857
vt 0.057143 0.942857
vt 0.114286 0.942857
vt 0.142857 0.942857
vt 0.114286 0.942857
vt 0.171429 0.942857
vt 0.200000 0.942857
vt 0.228571 0.942857
vt 0.257143 0.942857
vt 0.228571 0.942857
vt 0.285714 0.942857
vt 0.314286 0.942857
vt 0.342857 0.942857
vt 0.371429 0.942857
vt 0.400000 0.942857
vt 0.428571 0.942857
vt 0.457143 0.942857
vt 0.485714 0.942857
vt 0.514286 0.942857
vt 0.485714 0.942857
vt 0.542857 0.942857
vt 0.571429 0.942857
vt 0.600000 0.942857
vt 0.628571 0.942857
vt 0.657143 0.942857
vt 0.685714 0.942857
vt 0.714286 0.942857
vt 0.742857 0.942857
vt 0.771429 0.942857
vt 0.800000 0.942857
vt 0.828571 0.942857
vt 0.857143 0.942857
vt 0.885714 0.942857
vt 0.914286 0.942857
vt 0.942857 0.942857
vt 0.971429 0.942857
vt 1.000000 0.942857
vt 0.028571 0.971429
vt 0.000000 0.971429
vt 0.057143 0.971429
vt 0.085714 0.971429
vt 0.057143 0.971429
vt 0.114286 0.971429
vt 0.142857 0.971429
vt 0.114286 0.971429
vt 0.171429 0.971429
vt 0.200000 0.971429
vt 0.228571 0.971429
vt 0.257143 0.971429
vt 0.228571 0.971429
vt 0.285714 0.971429
vt 0.314286 0.971429
vt 0.342857 0.971429
vt 0.371429 0.971429
vt 0.400000 0.971429
vt 0.428571 0.971429
vt 0.457143 0.971429
vt 0.485714 0.971429
vt 0.514286 0.971429
vt 0.485714 0.971429
vt 0.542857 0.971429
vt 0.571429 0.971429
vt 0.600000 0.971429
vt 0.628571 0.971429
vt 0.657143 0.971429
vt 0.685714 0.971429
vt 0.714286 0.971429
vt 0.742857 0.971429
vt 0.771429 0.971429
vt 0.800000 0.971429
vt 0.828571 0.971429
vt 0.857143 0.971429
vt 0.885714 0.971429
vt 0.914286 0.971429
vt 0.942857 0.971429
vt 0.971429 0.971429
vt 1.000000 0.971429
vt 0.028571 1.000000
vt 0.000000 1.000000
vt 0.057143 1.000000
vt 0.085714 1.000000
vt 0.057143 1.000000
vt 0.114286 1.000000
vt 0.142857 1.000000
vt 0.114286 1.000000
vt 0.171429 1.000000
vt 0.200000 1.000000
vt 0.228571 1.000000
vt 0.257143 1.000000
vt 0.228571 1.000000
vt 0.285714 1.000000
vt 0.314286 1.000000
vt 0.342857 1.000000
vt 0.371429 1.000000
vt 0.400000 1.000000
vt 0.428571 1.000000
vt 0.457143 1.000000
vt 0.485714 1.000000
vt 0.514286 1.000000
vt 0.485714 1.000000
vt 0.542857 1.000000
vt 0.571429 1.000000
vt 0.600000 1.000000
vt 0.628571 1.000000
vt 0.657143 1.000000
vt 0.685714 1.000000
vt 0.714286 1.000000
vt 0.742857 1.000000
vt 0.771429 1.000000
vt 0.800000 1.000000
vt 0.828571 1.000000
vt 0.857143 1.000000
vt 0.885714 1.000000
vt 0.914286 1.000000
vt 0.942857 1.000000
vt 0.971429 1.000000
vt 1.000000 1.000000
s 0
f 1/1/1 2/2/1 38/3/1 37/4/1
f 2/2/1 3/5/1 39/6/1 38/3/1
f 3/5/1 4/7/1 40/8/1 39/9/1
f 4/7/1 5/10/1 41/11/1 40/8/1
f 5/10/1 6/12/1 42/13/1 41/14/1
f 6/12/1 7/15/1 43/16/1 42/13/1
f 7/15/1 8/17/1 44/18/1 43/16/1
f 8/17/1 9/19/1 45/20/1 44/18/1
f 9/19/1 10/21/1 46/22/1 45/23/1
f 10/21/1 11/24/1 47/25/1 46/22/1
f 11/24/1 12/26/1 48/27/1 47/25/1
f 12/26/1 13/28/1 49/29/1 48/27/1
f 13/28/1 14/30/1 50/31/1 49/29/1
f 14/30/1 15/32/1 51/33/1 50/31/1
f 15/32/1 16/34/1 52/35/1 51/33/1
f 16/34/1 17/36/1 53/37/1 52/35/1
f 17/36/1 18/38/1 54/39/1 53/37/1
f 18/38/1 19/40/1 55/41/1 54/42/1
f 19/40/1 20/43/1 56/44/1 55/41/1
f 20/43/1 21/45/1 57/46/1 56/44/1
f 21/45/1 22/47/1 58/48/1 57/46/1
f 22/47/1 23/49/1 59/50/1 58/48/1
f 23/49/1 24/51/1 60/52/1 59/50/1
f 24/51/1 25/53/1 61/54/1 60/52/1
f 25/53/1 26/55/1 62/56/1 61/54/1
f 26/55/1 27/57/1 63/58/1 62/56/1
f 27/57/1 28/59/1 64/60/1 63/58/1
f 28/59/1 29/61/1 65/62/1 64/60/1
f 29/61/1 30/63/1 66/64/1 65/62/1
f 30/63/1 31/65/1 67/66/1 66/64/1
f 31/65/1 32/67/1 68/68/1 67/66/1
f 32/67/1 33/69/1 69/70/1 68/68/1
f 33/69/1 34/71/1 70/72/1 69/70/1
f 34/71/1 35/73/1 71/74/1 70/72/1
f 35/73/1 36/75/1 72/76/1 71/74/1
f 37/4/1 38/3/1 74/77/1 73/78/1
f 38/3/1 39/6/1 75/79/1 74/77/1
f 39/6/1 40/8/1 76/80/1 75/81/1
f 40/8/1 41/11/1 77/82/1 76/80/1
f 41/11/1 42/13/1 78/83/1 77/84/1
f 42/13/1 43/16/1 79/85/1 78/83/1
f 43/16/1 44/18/1 80/86/1 79/85/1
f 44/18/1 45/20/1 81/87/1 80/86/1
f 45/20/1 46/22/1 82/88/1 81/89/1
f 46/22/1 47/25/1 83/90/1 82/88/1
f 47/25/1 48/27/1 84/91/1 83/90/1
f 48/27/1 49/29/1 85/92/1 84/91/1
f 49/29/1 50/31/1 86/93/1 85/92/1
f 50/31/1 51/33/1 87/94/1 86/93/1
f 51/33/1 52/35/1 88/95/1 87/94/1
f 52/35/1 53/37/1 89/96/1 88/95/1
f 53/37/1 54/39/1 90/97/1 89/96/1
f 54/39/1 55/41/1 91/98/1 90/99/1
f 55/41/1 56/44/1 92/100/1 91/98/1
f 56/44/1 57/46/1 93/101/1 92/100/1
f 57/46/1 58/48/1 94/102/1 93/101/1
f 58/48/1 59/50/1 95/103/1 94/102/1
f 59/50/1 60/52/1 96/104/1 95/103/1
f 60/52/1 61/54/1 97/105/1 96/104/1
f 61/54/1 62/56/1 98/106/1 97/105/1
f 62/56/1 63/58/1 99/107/1 98/106/1
f 63/58/1 64/60/1 100/108/1 99/107/1
f 64/60/1 65/62/1 101/109/1 100/108/1
f 65/62/1 66/64/1 102/110/1 101/109/1
f 66/64/1 67/66/1 103/111/1 102/110/1
f 67/66/1 68/68/1 104/112/1 103/111/1
f 68/68/1 69/70/1 105/113/1 104/112/1
f 69/70/1 70/72/1 106/114/1 105/113/1
f 70/72/1 71/74/1 107/115/1 106/114/1
f 71/74/1 72/76/1 108/116/1 107/115/1
f 73/117/1 74/118/1 110/119/1 109/120/1
f 74/118/1 75/121/1 111/122/1 110/119/1
f 75/121/1 76/123/1 112/124/1 111/125/1
f 76/123/1 77/126/1 113/127/1 112/124/1
f 77/126/1 78/128/1 114/129/1 113/130/1
f 78/128/1 79/131/1 115/132/1 114/129/1
f 79/131/1 80/133/1 116/134/1 115/132/1
f 80/133/1 81/135/1 117/136/1 116/134/1
f 81/135/1 82/137/1 118/138/1 117/139/1
f 82/137/1 83/140/1 119/141/1 118/138/1
f 83/140/1 84/142/1 120/143/1 119/141/1
f 84/142/1 85/144/1 121/145/1 120/143/1
f 85/144/1 86/146/1 122/147/1 121/145/1
f 86/146/1 87/148/1 123/149/1 122/147/1
f 87/148/1 88/150/1 124/151/1 123/149/1
f 88/150/1 89/152/1 125/153/1 124/151/1
f 89/152/1 90/154/1 126/155/1 125/153/1
f 90/154/1 91/156/1 127/157/1 126/158/1
f 91/156/1 92/159/1 128/160/1 127/157/1
f 92/159/1 93/161/1 129/162/1 128/160/1
f 93/161/1 94/163/1 130/164/1 129/162/1
f 94/163/1 95/165/1 131/166/1 130/164/1
f 95/165/1 96/167/1 132/168/1 131/166/1
f 96/167/1 97/169/1 133/170/1 132/168/1
f 97/169/1 98/171/1 134/172/1 133/170/1
f 98/171/1 99/173/1 135/174/1 134/172/1
f 99/173/1 100/175/1 136/176/1 135/174/1
f 100/175/1 101/177/1 137/178/1 136/176/1
f 101/177/1 102/179/1 138/180/1 137/178/1
f 102/179/1 103/181/1 139/182/1 138/180/1
f 103/181/1 104/183/1 140/184/1 139/182/1
f 104/183/1 105/185/1 141/186/1 140/184/1
f 105/185/1 106/187/1 142/188/1 141/186/1
f 106/187/1 107/189/1 143/190/1 142/188/1
f 107/189/1 108/191/1 144/192/1 143/190/1
f 109/120/1 110/119/1 146/193/1 145/194/1
f 110/119/1 111/122/1 147/195/1 146/193/1
f 111/122/1 112/124/1 148/196/1 147/197/1
f 112/124/1 113/127/1 149/198/1 148/196/1
f 113/127/1 114/129/1 150/199/1 149/200/1
f 114/129/1 115/132/1 151/201/1 150/199/1
f 115/132/1 116/134/1 152/202/1 151/201/1
f 116/134/1 117/136/1 153/203/1 152/202/1
f 117/136/1 118/138/1 154/204/1 153/205/1
f 118/138/1 119/141/1 155/206/1 154/204/1
f 119/141/1 120/143/1 156/207/1 155/206/1
f 120/143/1 121/145/1 157/208/1 156/207/1
f 121/145/1 122/147/1 158/209/1 157/208/1
f 122/147/1 123/149/1 159/210/1 158/209/1
f 123/149/1 124/151/1 160/211/1 159/210/1
f 124/151/1 125/153/1 161/212/1 160/211/1
f 125/153/1 126/155/1 162/213/1 161/212/1
f 126/155/1 127/157/1 163/214/1 162/215/1
f 127/157/1 128/160/1 164/216/1 163/214/1
f 128/160/1 129/162/1 165/217/1 164/216/1
f 129/162/1 130/164/1 166/218/1 165/217/1
f 130/164/1 131/166/1 167/219/1 166/218/1
f 131/166/1 132/168/1 168/220/1 167/219/1
f 132/168/1 133/170/1 169/221/1 168/220/1
f 133/170/1 134/172/1 170/222/1 169/221/1
f 134/172/1 135/174/1 171/223/1 170/222/1
f 135/174/1 136/176/1 172/224/1 171/223/1
f 136/176/1 137/178/1 173/225/1 172/224/1
f 137/178/1 138/180/1 174/226/1 173/225/1
f 138/180/1 139/182/1 175/227/1 174/226/1
f 139/182/1 140/184/1 176/228/1 175/227/1
f 140/184/1 141/186/1 177/229/1 176/228/1
f 141/186/1 142/188/1 178/230/1 177/229/1
f 142/188/1 143/190/1 179/231/1 178/230/1
f 143/190/1 144/192/1 180/232/1 179/231/1
f 145/233/1 146/234/1 182/235/1 181/236/1
f 146/234/1 147/237/1 183/238/1 182/235/1
f 147/237/1 148/239/1 184/240/1 183/241/1
f 148/239/1 149/242/1 185/243/1 184/240/1
f 149/242/1 150/244/1 186/245/1 185/246/1
f 150/244/1 151/247/1 187/248/1 186/245/1
f 151/247/1 152/249/1 188/250/1 187/248/1
f 152/249/1 153/251/1 189/252/1 188/250/1
f 153/251/1 154/253/1 190/254/1 189/255/1
f 154/253/1 155/256/1 191/257/1 190/254/1
f 155/256/1 156/258/1 192/259/1 191/257/1
f 156/258/1 157/260/1 193/261/1 192/259/1
f 157/260/1 158/262/1 194/263/1 193/261/1
f 158/262/1 159/264/1 195/265/1 194/263/1
f 159/264/1 160/266/1 196/267/1 195/265/1
f 160/266/1 161/268/1 197/269/1 196/267/1
f 161/268/1 162/270/1 198/271/1 197/269/1
f 162/270/1 163/272/1 199/273/1 198/274/1
f 163/272/1 164/275/1 200/276/1 199/273/1
f 164/275/1 165/277/1 201/278/1 200/276/1
f 165/277/1 166/279/1 202/280/1 201/278/1
f 166/279/1 167/281/1 203/282/1 202/280/1
f 167/281/1 168/283/1 204/284/1 203/282/1
f 168/283/1 169/285/1 205/286/1 204/284/1
f 169/285/1 170/287/1 206/288/1 205/286/1
f 170/287/1 171/289/1 207/290/1 206/288/1
f 171/289/1 172/291/1 208/292/1 207/290/1
f 172/291/1 173/293/1 209/294/1 208/292/1
f 173/293/1 174/295/1 210/296/1 209/294/1
f 174/295/1 175/297/1 211/298/1 210/296/1
f 175/297/1 176/299/1 212/300/1 211/298/1
f 176/299/1 177/301/1 213/302/1 212/300/1
f 177/301/1 178/303/1 214/304/1 213/302/1
f 178/303/1 179/305/1 215/306/1 214/304/1
f 179/305/1 180/307/1 216/308/1 215/306/1
f 181/236/1 182/235/1 218/309/1 217/310/1
f 182/235/1 183/238/1 219/311/1 218/309/1
f 183/238/1 184/240/1 220/312/1 219/313/1
f 184/240/1 185/243/1 221/314/1 220/312/1
f 185/243/1 186/245/1 222/315/1 221/316/1
f 186/245/1 187/248/1 223/317/1 222/315/1
f 187/248/1 188/250/1 224/318/1 223/317/1
f 188/250/1 189/252/1 225/319/1 224/318/1
f 189/252/1 190/254/1 226/320/1 225/321/1
f 190/254/1 191/257/1 227/322/1 226/320/1
f 191/257/1 192/259/1 228/323/1 227/322/1
f 192/259/1 193/261/1 229/324/1 228/323/1
f 193/261/1 194/263/1 230/325/1 229/324/1
f 194/263/1 195/265/1 231/326/1 230/325/1
f 195/265/1 196/267/1 232/327/1 231/326/1
f 196/267/1 197/269/1 233/328/1 232/327/1
f 197/269/1 198/271/1 234/329/1 233/328/1
f 198/271/1 199/273/1 235/330/1 234/331/1
f 199/273/1 200/276/1 236/332/1 235/330/1
f 200/276/1 201/278/1 237/333/1 236/332/1
f 201/278/1 202/280/1 238/334/1 237/333/1
f 202/280/1 203/282/1 239/335/1 238/334/1
f 203/282/1 204/284/1 240/336/1 239/335/1
f 204/284/1 205/286/1 241/337/1 240/336/1
f 205/286/1 206/288/1 242/338/1 241/337/1
f 206/288/1 207/290/1 243/339/1 242/338/1
f 207/290/1 208/292/1 244/340/1 243/339/1
f 208/292/1 209/294/1 245/341/1 244/340/1
f 209/294/1 210/296/1 246/342/1 245/341/1
f 210/296/1 211/298/1 247/343/1 246/342/1
f 211/298/1 212/300/1 248/344/1 247/343/1
f 212/300/1 213/302/1 249/345/1 248/344/1
f 213/302/1 214/304/1 250/346/1 249/345/1
f 214/304/1 215/306/1 251/347/1 250/346/1
f 215/306/1 216/308/1 252/348/1 251/347/1
f 217/310/1 218/309/1 254/349/1 253/350/1
f 218/309/1 219/311/1 255/351/1 254/349/1
f 219/311/1 220/312/1 256/352/1 255/353/1
f 220/312/1 221/314/1 257/354/1 256/352/1
f 221/314/1 222/315/1 258/355/1 257/356/1
f 222/315/1 223/317/1 259/357/1 258/355/1
f 223/317/1 224/318/1 260/358/1 259/357/1
f 224/318/1 225/319/1 261/359/1 260/358/1
f 225/319/1 226/320/1 262/360/1 261/361/1
f 226/320/1 227/322/1 263/362/1 262/360/1
f 227/322/1 228/323/1 264/363/1 263/362/1
f 228/323/1 229/324/1 265/364/1 264/363/1
f 229/324/1 230/325/1 266/365/1 265/364/1
f 230/325/1 231/326/1 267/366/1 266/365/1
f 231/326/1 232/327/1 268/367/1 267/366/1
f 232/327/1 233/328/1 269/368/1 268/367/1
f 233/328/1 234/329/1 270/369/1 269/368/1
f 234/329/1 235/330/1 271/370/1 270/371/1
f 235/330/1 236/332/1 272/372/1 271/370/1
f 236/332/1 237/333/1 273/373/1 272/372/1
f 237/333/1 238/334/1 274/374/1 273/373/1
f 238/334/1 239/335/1 275/375/1 274/374/1
f 239/335/1 240/336/1 276/376/1 275/375/1
f 240/336/1 241/337/1 277/377/1 276/376/1
f 241/337/1 242/338/1 278/378/1 277/377/1
f 242/338/1 243/339/1 279/379/1 278/378/1
f 243/339/1 244/340/1 280/380/1 279/379/1
f 244/340/1 245/341/1 281/381/1 280/380/1
f 245/341/1 246/342/1 282/382/1 281/381/1
f 246/342/1 247/343/1 283/383/1 282/382/1
f 247/343/1 248/344/1 284/384/1 283/383/1
f 248/344/1 249/345/1 285/385/1 284/384/1
f 249/345/1 250/346/1 286/386/1 285/385/1
f 250/346/1 251/347/1 287/387/1 286/386/1
f 251/347/1 252/348/1 288/388/1 287/387/1
f 253/350/1 254/349/1 290/389/1 289/390/1
f 254/349/1 255/351/1 291/391/1 290/389/1
f 255/351/1 256/352/1 292/392/1 291/393/1
f 256/352/1 257/354/1 293/394/1 292/392/1
f 257/354/1 258/355/1 294/395/1 293/396/1
f 258/355/1 259/357/1 295/397/1 294/395/1
f 259/357/1 260/358/1 296/398/1 295/397/1
f 260/358/1 261/359/1 297/399/1 296/398/1
f 261/359/1 262/360/1 298/400/1 297/401/1
f 262/360/1 263/362/1 299/402/1 298/400/1
f 263/362/1 264/363/1 300/403/1 299/402/1
f 264/363/1 265/364/1 301/404/1 300/403/1
f 265/364/1 266/365/1 302/405/1 301/404/1
f 266/365/1 267/366/1 303/406/1 302/405/1
f 267/366/1 268/367/1 304/407/1 303/406/1
f 268/367/1 269/368/1 305/408/1 304/407/1
f 269/368/1 270/369/1 306/409/1 305/408/1
f 270/369/1 271/370/1 307/410/1 306/411/1
f 271/370/1 272/372/1 308/412/1 307/410/1
f 272/372/1 273/373/1 309/413/1 308/412/1
f 273/373/1 274/374/1 310/414/1 309/413/1
f 274/374/1 275/375/1 311/415/1 310/414/1
f 275/375/1 276/376/1 312/416/1 311/415/1
f 276/376/1 277/377/1 313/417/1 312/416/1
f 277/377/1 278/378/1 314/418/1 313/417/1
f 278/378/1 279/379/1 315/419/1 314/418/1
f 279/379/1 280/380/1 316/420/1 315/419/1
f 280/380/1 281/381/1 317/421/1 316/420/1
f 281/381/1 282/382/1 318/422/1 317/421/1
f 282/382/1 283/383/1 319/423/1 318/422/1
f 283/383/1 284/384/1 320/424/1 319/423/1
f 284/384/1 285/385/1 321/425/1 320/424/1
f 285/385/1 286/386/1 322/426/1 321/425/1
f 286/386/1 287/387/1 323/427/1 322/426/1
f 287/387/1 288/388/1 324/428/1 323/427/1
f 289/429/1 290/430/1 326/431/1 325/432/1
f 290/430/1 291/433/1 327/434/1 326/431/1
f 291/433/1 292/435/1 328/436/1 327/437/1
f 292/435/1 293/438/1 329/439/1 328/436/1
f 293/438/1 294/440/1 330/441/1 329/442/1
f 294/440/1 295/443/1 331/444/1 330/441/1
f 295/443/1 296/445/1 332/446/1 331/444/1
f 296/445/1 297/447/1 333/448/1 332/446/1
f 297/447/1 298/449/1 334/450/1 333/451/1
f 298/449/1 299/452/1 335/453/1 334/450/1
f 299/452/1 300/454/1 336/455/1 335/453/1
f 300/454/1 301/456/1 337/457/1 336/455/1
f 301/456/1 302/458/1 338/459/1 337/457/1
f 302/458/1 303/460/1 339/461/1 338/459/1
f 303/460/1 304/462/1 340/463/1 339/461/1
f 304/462/1 305/464/1 341/465/1 340/463/1
f 305/464/1 306/466/1 342/467/1 341/465/1
f 306/466/1 307/468/1 343/469/1 342/470/1
f 307/468/1 308/471/1 344/472/1 343/469/1
f 308/471/1 309/473/1 345/474/1 344/472/1
f 309/473/1 310/475/1 346/476/1 345/474/1
f 310/475/1 311/477/1 347/478/1 346/476/1
f 311/477/1 312/479/1 348/480/1 347/478/1
f 312/479/1 313/481/1 349/482/1 348/480/1
f 313/481/1 314/483/1 350/484/1 349/482/1
f 314/483/1 315/485/1 351/486/1 350/484/1
f 315/485/1 316/487/1 352/488/1 351/486/1
f 316/487/1 317/489/1 353/490/1 352/488/1
f 317/489/1 318/491/1 354/492/1 353/490/1
f 318/491/1 319/493/1 355/494/1 354/492/1
f 319/493/1 320/495/1 356/496/1 355/494/1
f 320/495/1 321/497/1 357/498/1 356/496/1
f 321/497/1 322/499/1 358/500/1 357/498/1
f 322/499/1 323/501/1 359/502/1 358/500/1
f 323/501/1 324/503/1 360/504/1 359/502/1
f 325/432/1 326/431/1 362/505/1 361/506/1
f 326/431/1 327/434/1 363/507/1 362/505/1
f 327/434/1 328/436/1 364/508/1 363/509/1
f 328/436/1 329/439/1 365/510/1 364/508/1
f 329/439/1 330/441/1 366/511/1 365/512/1
f 330/441/1 331/444/1 367/513/1 366/511/1
f 331/444/1 332/446/1 368/514/1 367/513/1
f 332/446/1 333/448/1 369/515/1 368/514/1
f 333/448/1 334/450/1 370/516/1 369/517/1
f 334/450/1 335/453/1 371/518/1 370/516/1
f 335/453/1 336/455/1 372/519/1 371/518/1
f 336/455/1 337/457/1 373/520/1 372/519/1
f 337/457/1 338/459/1 374/521/1 373/520/1
f 338/459/1 339/461/1 375/522/1 374/521/1
f 339/461/1 340/463/1 376/523/1 375/522/1
f 340/463/1 341/465/1 377/524/1 376/523/1
f 341/465/1 342/467/1 378/525/1 377/524/1
f 342/467/1 343/469/1 379/526/1 378/527/1
f 343/469/1 344/472/1 380/528/1 379/526/1
f 344/472/1 345/474/1 381/529/1 380/528/1
f 345/474/1 346/476/1 382/530/1 381/529/1
f 346/476/1 347/478/1 383/531/1 382/530/1
f 347/478/1 348/480/1 384/532/1 383/531/1
f 348/480/1 349/482/1 385/533/1 384/532/1
f 349/482/1 350/484/1 386/534/1 385/533/1
f 350/484/1 351/486/1 387/535/1 386/534/1
f 351/486/1 352/488/1 388/536/1 387/535/1
f 352/488/1 353/490/1 389/537/1 388/536/1
f 353/490/1 354/492/1 390/538/1 389/537/1
f 354/492/1 355/494/1 391/539/1 390/538/1
f 355/494/1 356/496/1 392/540/1 391/539/1
f 356/496/1 357/498/1 393/541/1 392/540/1
f 357/498/1 358/500/1 394/542/1 393/541/1
f 358/500/1 359/502/1 395/543/1 394/542/1
f 359/502/1 360/504/1 396/544/1 395/543/1
f 361/506/1 362/505/1 398/545/1 397/546/1
f 362/505/1 363/507/1 399/547/1 398/545/1
f 363/507/1 364/508/1 400/548/1 399/549/1
f 364/508/1 365/510/1 401/550/1 400/548/1
f 365/510/1 366/511/1 402/551/1 401/552/1
f 366/511/1 367/513/1 403/553/1 402/551/1
f 367/513/1 368/514/1 404/554/1 403/553/1
f 368/514/1 369/515/1 405/555/1 404/554/1
f 369/515/1 370/516/1 406/556/1 405/557/1
f 370/516/1 371/518/1 407/558/1 406/556/1
f 371/518/1 372/519/1 408/559/1 407/558/1
f 372/519/1 373/520/1 409/560/1 408/559/1
f 373/520/1 374/521/1 410/561/1 409/560/1
f 374/521/1 375/522/1 411/562/1 410/561/1
f 375/522/1 376/523/1 412/563/1 411/562/1
f 376/523/1 377/524/1 413/564/1 412/563/1
f 377/524/1 378/525/1 414/565/1 413/564/1
f 378/525/1 379/526/1 415/566/1 414/567/1
f 379/526/1 380/528/1 416/568/1 415/566/1
f 380/528/1 381/529/1 417/569/1 416/568/1
f 381/529/1 382/530/1 418/570/1 417/569/1
f 382/530/1 383/531/1 419/571/1 418/570/1
f 383/531/1 384/532/1 420/572/1 419/571/1
f 384/532/1 385/533/1 421/573/1 420/572/1
f 385/533/1 386/534/1 422/574/1 421/573/1
f 386/534/1 387/535/1 423/575/1 422/574/1
f 387/535/1 388/536/1 424/576/1 423/575/1
f 388/536/1 389/537/1 425/577/1 424/576/1
f 389/537/1 390/538/1 426/578/1 425/577/1
f 390/538/1 391/539/1 427/579/1 426/578/1
f 391/539/1 392/540/1 428/580/1 427/579/1
f 392/540/1 393/541/1 429/581/1 428/580/1
f 393/541/1 394/542/1 430/582/1 429/581/1
f 394/542/1 395/543/1 431/583/1 430/582/1
f 395/543/1 396/544/1 432/584/1 431/583/1
f 397/546/1 398/545/1 434/585/1 433/586/1
f 398/545/1 399/547/1 435/587/1 434/585/1
f 399/547/1 400/548/1 436/588/1 435/589/1
f 400/548/1 401/550/1 437/590/1 436/588/1
f 401/550/1 402/551/1 438/591/1 437/592/1
f 402/551/1 403/553/1 439/593/1 438/591/1
f 403/553/1 404/554/1 440/594/1 439/593/1
f 404/554/1 405/555/1 441/595/1 440/594/1
f 405/555/1 406/556/1 442/596/1 441/597/1
f 406/556/1 407/558/1 443/598/1 442/596/1
f 407/558/1 408/559/1 444/599/1 443/598/1
f 408/559/1 409/560/1 445/600/1 444/599/1
f 409/560/1 410/561/1 446/601/1 445/600/1
f 410/561/1 411/562/1 447/602/1 446/601/1
f 411/562/1 412/563/1 448/603/1 447/602/1
f 412/563/1 413/564/1 449/604/1 448/603/1
f 413/564/1 414/565/1 450/605/1 449/604/1
f 414/565/1 415/566/1 451/606/1 450/607/1
f 415/566/1 416/568/1 452/608/1 451/606/1
f 416/568/1 417/569/1 453/609/1 452/608/1
f 417/569/1 418/570/1 454/610/1 453/609/1
f 418/570/1 419/571/1 455/611/1 454/610/1
f 419/571/1 420/572/1 456/612/1 455/611/1
f 420/572/1 421/573/1 457/613/1 456/612/1
f 421/573/1 422/574/1 458/614/1 457/613/1
f 422/574/1 423/575/1 459/615/1 458/614/1
f 423/575/1 424/576/1 460/616/1 459/615/1
f 424/576/1 425/577/1 461/617/1 460/616/1
f 425/577/1 426/578/1 462/618/1 461/617/1
f 426/578/1 427/579/1 463/619/1 462/618/1
f 427/579/1 428/580/1 464/620/1 463/619/1
f 428/580/1 429/581/1 465/621/1 464/620/1
f 429/581/1 430/582/1 466/622/1 465/621/1
f 430/582/1 431/583/1 467/623/1 466/622/1
f 431/583/1 432/584/1 468/624/1 467/623/1
f 433/586/1 434/585/1 470/625/1 469/626/1
f 434/585/1 435/587/1 471/627/1 470/625/1
f 435/587/1 436/588/1 472/628/1 471/629/1
f 436/588/1 437/590/1 473/630/1 472/628/1
f 437/590/1 438/591/1 474/631/1 473/632/1
f 438/591/1 439/593/1 475/633/1 474/631/1
f 439/593/1 440/594/1 476/634/1 475/633/1
f 440/594/1 441/595/1 477/635/1 476/634/1
f 441/595/1 442/596/1 478/636/1 477/637/1
f 442/596/1 443/598/1 479/638/1 478/636/1
f 443/598/1 444/599/1 480/639/1 479/638/1
f 444/599/1 445/600/1 481/640/1 480/639/1
f 445/600/1 446/601/1 482/641/1 481/640/1
f 446/601/1 447/602/1 483/642/1 482/641/1
f 447/602/1 448/603/1 484/643/1 483/642/1
f 448/603/1 449/604/1 485/644/1 484/643/1
f 449/604/1 450/605/1 486/645/1 485/644/1
f 450/605/1 451/606/1 487/646/1 486/647/1
f 451/606/1 452/608/1 488/648/1 487/646/1
f 452/608/1 453/609/1 489/649/1 488/648/1
f 453/609/1 454/610/1 490/650/1 489/649/1
f 454/610/1 455/611/1 491/651/1 490/650/1
f 455/611/1 456/612/1 492/652/1 491/651/1
f 456/612/1 457/613/1 493/653/1 492/652/1
f 457/613/1 458/614/1 494/654/1 493/653/1
f 458/614/1 459/615/1 495/655/1 494/654/1
f 459/615/1 460/616/1 496/656/1 495/655/1
f 460/616/1 461/617/1 497/657/1 496/656/1
f 461/617/1 462/618/1 498/658/1 497/657/1
f 462/618/1 463/619/1 499/659/1 498/658/1
f 463/619/1 464/620/1 500/660/1 499/659/1
f 464/620/1 465/621/1 501/661/1 500/660/1
f 465/621/1 466/622/1 502/662/1 501/661/1
f 466/622/1 467/623/1 503/663/1 502/662/1
f 467/623/1 468/624/1 504/664/1 503/663/1
f 469/626/1 470/625/1 506/665/1 505/666/1
f 470/625/1 471/627/1 507/667/1 506/665/1
f 471/627/1 472/628/1 508/668/1 507/669/1
f 472/628/1 473/630/1 509/670/1 508/668/1
f 473/630/1 474/631/1 510/671/1 509/672/1
f 474/631/1 475/633/1 511/673/1 510/671/1
f 475/633/1 476/634/1 512/674/1 511/673/1
f 476/634/1 477/635/1 513/675/1 512/674/1
f 477/635/1 478/636/1 514/676/1 513/677/1
f 478/636/1 479/638/1 515/678/1 514/676/1
f 479/638/1 480/639/1 516/679/1 515/678/1
f 480/639/1 481/640/1 517/680/1 516/679/1
f 481/640/1 482/641/1 518/681/1 517/680/1
f 482/641/1 483/642/1 519/682/1 518/681/1
f 483/642/1 484/643/1 520/683/1 519/682/1
f 484/643/1 485/644/1 521/684/1 520/683/1
f 485/644/1 486/645/1 522/685/1 521/684/1
f 486/645/1 487/646/1 523/686/1 522/687/1
f 487/646/1 488/648/1 524/688/1 523/686/1
f 488/648/1 489/649/1 525/689/1 524/688/1
f 489/649/1 490/650/1 526/690/1 525/689/1
f 490/650/1 491/651/1 527/691/1 526/690/1
f 491/651/1 492/652/1 528/692/1 527/691/1
f 492/652/1 493/653/1 529/693/1 528/692/1
f 493/653/1 494/654/1 530/694/1 529/693/1
f 494/654/1 495/655/1 531/695/1 530/694/1
f 495/655/1 496/656/1 532/696/1 531/695/1
f 496/656/1 497/657/1 533/697/1 532/696/1
f 497/657/1 498/658/1 534/698/1 533/697/1
f 498/658/1 499/659/1 535/699/1 534/698/1
f 499/659/1 500/660/1 536/700/1 535/699/1
f 500/660/1 501/661/1 537/701/1 536/700/1
f 501/661/1 502/662/1 538/702/1 537/701/1
f 502/662/1 503/663/1 539/703/1 538/702/1
f 503/663/1 504/664/1 540/704/1 539/703/1
f 505/666/1 506/665/1 542/705/1 541/706/1
f 506/665/1 507/667/1 543/707/1 542/705/1
f 507/667/1 508/668/1 544/708/1 543/709/1
f 508/668/1 509/670/1 545/710/1 544/708/1
f 509/670/1 510/671/1 546/711/1 545/712/1
f 510/671/1 511/673/1 547/713/1 546/711/1
f 511/673/1 512/674/1 548/714/1 547/713/1
f 512/674/1 513/675/1 549/715/1 548/714/1
f 513/675/1 514/676/1 550/716/1 549/717/1
f 514/676/1 515/678/1 551/718/1 550/716/1
f 515/678/1 516/679/1 552/719/1 551/718/1
f 516/679/1 517/680/1 553/720/1 552/719/1
f 517/680/1 518/681/1 554/721/1 553/720/1
f 518/681/1 519/682/1 555/722/1 554/721/1
f 519/682/1 520/683/1 556/723/1 555/722/1
f 520/683/1 521/684/1 557/724/1 556/723/1
f 521/684/1 522/685/1 558/725/1 557/724/1
f 522/685/1 523/686/1 559/726/1 558/727/1
f 523/686/1 524/688/1 560/728/1 559/726/1
f 524/688/1 525/689/1 561/729/1 560/728/1
f 525/689/1 526/690/1 562/730/1 561/729/1
f 526/690/1 527/691/1 563/731/1 562/730/1
f 527/691/1 528/692/1 564/732/1 563/731/1
f 528/692/1 529/693/1 565/733/1 564/732/1
f 529/693/1 530/694/1 566/734/1 565/733/1
f 530/694/1 531/695/1 567/735/1 566/734/1
f 531/695/1 532/696/1 568/736/1 567/735/1
f 532/696/1 533/697/1 569/737/1 568/736/1
f 533/697/1 534/698/1 570/738/1 569/737/1
f 534/698/1 535/699/1 571/739/1 570/738/1
f 535/699/1 536/700/1 572/740/1 571/739/1
f 536/700/1 537/701/1 573/741/1 572/740/1
f 537/701/1 538/702/1 574/742/1 573/741/1
f 538/702/1 539/703/1 575/743/1 574/742/1
f 539/703/1 540/704/1 576/744/1 575/743/1
f 541/706/1 542/705/1 578/745/1 577/746/1
f 542/705/1 543/707/1 579/747/1 578/745/1
f 543/707/1 544/708/1 580/748/1 579/749/1
f 544/708/1 545/710/1 581/750/1 580/748/1
f 545/710/1 546/711/1 582/751/1 581/752/1
f 546/711/1 547/713/1 583/753/1 582/751/1
f 547/713/1 548/714/1 584/754/1 583/753/1
f 548/714/1 549/715/1 585/755/1 584/754/1
f 549/715/1 550/716/1 586/756/1 585/757/1
f 550/716/1 551/718/1 587/758/1 586/756/1
f 551/718/1 552/719/1 588/759/1 587/758/1
f 552/719/1 553/720/1 589/760/1 588/759/1
f 553/720/1 554/721/1 590/761/1 589/760/1
f 554/721/1 555/722/1 591/762/1 590/761/1
f 555/722/1 556/723/1 592/763/1 591/762/1
f 556/723/1 557/724/1 593/764/1 592/763/1
f 557/724/1 558/725/1 594/765/1 593/764/1
f 558/725/1 559/726/1 595/766/1 594/767/1
f 559/726/1 560/728/1 596/768/1 595/766/1
f 560/728/1 561/729/1 597/769/1 596/768/1
f 561/729/1 562/730/1 598/770/1 597/769/1
f 562/730/1 563/731/1 599/771/1 598/770/1
f 563/731/1 564/732/1 600/772/1 599/771/1
f 564/732/1 565/733/1 601/773/1 600/772/1
f 565/733/1 566/734/1 602/774/1 601/773/1
f 566/734/1 567/735/1 603/775/1 602/774/1
f 567/735/1 568/736/1 604/776/1 603/775/1
f 568/736/1 569/737/1 605/777/1 604/776/1
f 569/737/1 570/738/1 606/778/1 605/777/1
f 570/738/1 571/739/1 607/779/1 606/778/1
f 571/739/1 572/740/1 608/780/1 607/779/1
f 572/740/1 573/741/1 609/781/1 608/780/1
f 573/741/1 574/742/1 610/782/1 609/781/1
f 574/742/1 575/743/1 611/783/1 610/782/1
f 575/743/1 576/744/1 612/784/1 611/783/1
f 577/746/1 578/745/1 614/785/1 613/786/1
f 578/745/1 579/747/1 615/787/1 614/785/1
f 579/747/1 580/748/1 616/788/1 615/789/1
f 580/748/1 581/750/1 617/790/1 616/788/1
f 581/750/1 582/751/1 618/791/1 617/792/1
f 582/751/1 583/753/1 619/793/1 618/791/1
f 583/753/1 584/754/1 620/794/1 619/793/1
f 584/754/1 585/755/1 621/795/1 620/794/1
f 585/755/1 586/756/1 622/796/1 621/797/1
f 586/756/1 587/758/1 623/798/1 622/796/1
f 587/758/1 588/759/1 624/799/1 623/798/1
f 588/759/1 589/760/1 625/800/1 624/799/1
f 589/760/1 590/761/1 626/801/1 625/800/1
f 590/761/1 591/762/1 627/802/1 626/801/1
f 591/762/1 592/763/1 628/803/1 627/802/1
f 592/763/1 593/764/1 629/804/1 628/803/1
f 593/764/1 594/765/1 630/805/1 629/804/1
f 594/765/1 595/766/1 631/806/1 630/807/1
f 595/766/1 596/768/1 632/808/1 631/806/1
f 596/768/1 597/769/1 633/809/1 632/808/1
f 597/769/1 598/770/1 634/810/1 633/809/1
f 598/770/1 599/771/1 635/811/1 634/810/1
f 599/771/1 600/772/1 636/812/1 635/811/1
f 600/772/1 601/773/1 637/813/1 636/812/1
f 601/773/1 602/774/1 638/814/1 637/813/1
f 602/774/1 603/775/1 639/815/1 638/814/1
f 603/775/1 604/776/1 640/816/1 639/815/1
f 604/776/1 605/777/1 641/817/1 640/816/1
f 605/777/1 606/778/1 642/818/1 641/817/1
f 606/778/1 607/779/1 643/819/1 642/818/1
f 607/779/1 608/780/1 644/820/1 643/819/1
f 608/780/1 609/781/1 645/821/1 644/820/1
f 609/781/1 610/782/1 646/822/1 645/821/1
f 610/782/1 611/783/1 647/823/1 646/822/1
f 611/783/1 612/784/1 648/824/1 647/823/1
f 613/825/1 614/826/1 650/827/1 649/828/1
f 614/826/1 615/829/1 651/830/1 650/827/1
f 615/829/1 616/831/1 652/832/1 651/833/1
f 616/831/1 617/834/1 653/835/1 652/832/1
f 617/834/1 618/836/1 654/837/1 653/838/1
f 618/836/1 619/839/1 655/840/1 654/837/1
f 619/839/1 620/841/1 656/842/1 655/840/1
f 620/841/1 621/843/1 657/844/1 656/842/1
f 621/843/1 622/845/1 658/846/1 657/847/1
f 622/845/1 623/848/1 659/849/1 658/846/1
f 623/848/1 624/850/1 660/851/1 659/849/1
f 624/850/1 625/852/1 661/853/1 660/851/1
f 625/852/1 626/854/1 662/855/1 661/853/1
f 626/854/1 627/856/1 663/857/1 662/855/1
f 627/856/1 628/858/1 664/859/1 663/857/1
f 628/858/1 629/860/1 665/861/1 664/859/1
f 629/860/1 630/862/1 666/863/1 665/861/1
f 630/862/1 631/864/1 667/865/1 666/866/1
f 631/864/1 632/867/1 668/868/1 667/865/1
f 632/867/1 633/869/1 669/870/1 668/868/1
f 633/869/1 634/871/1 670/872/1 669/870/1
f 634/871/1 635/873/1 671/874/1 670/872/1
f 635/873/1 636/875/1 672/876/1 671/874/1
f 636/875/1 637/877/1 673/878/1 672/876/1
f 637/877/1 638/879/1 674/880/1 673/878/1
f 638/879/1 639/881/1 675/882/1 674/880/1
f 639/881/1 640/883/1 676/884/1 675/882/1
f 640/883/1 641/885/1 677/886/1 676/884/1
f 641/885/1 642/887/1 678/888/1 677/886/1
f 642/887/1 643/889/1 679/890/1 678/888/1
f 643/889/1 644/891/1 680/892/1 679/890/1
f 644/891/1 645/893/1 681/894/1 680/892/1
f 645/893/1 646/895/1 682/896/1 681/894/1
f 646/895/1 647/897/1 683/898/1 682/896/1
f 647/897/1 648/899/1 684/900/1 683/898/1
f 649/828/1 650/827/1 686/901/1 685/902/1
f 650/827/1 651/830/1 687/903/1 686/901/1
f 651/830/1 652/832/1 688/904/1 687/905/1
f 652/832/1 653/835/1 689/906/1 688/904/1
f 653/835/1 654/837/1 690/907/1 689/908/1
f 654/837/1 655/840/1 691/909/1 690/907/1
f 655/840/1 656/842/1 692/910/1 691/909/1
f 656/842/1 657/844/1 693/911/1 692/910/1
f 657/844/1 658/846/1 694/912/1 693/913/1
f 658/846/1 659/849/1 695/914/1 694/912/1
f 659/849/1 660/851/1 696/915/1 695/914/1
f 660/851/1 661/853/1 697/916/1 696/915/1
f 661/853/1 662/855/1 698/917/1 697/916/1
f 662/855/1 663/857/1 699/918/1 698/917/1
f 663/857/1 664/859/1 700/919/1 699/918/1
f 664/859/1 665/861/1 701/920/1 700/919/1
f 665/861/1 666/863/1 702/921/1 701/920/1
f 666/863/1 667/865/1 703/922/1 702/923/1
f 667/865/1 668/868/1 704/924/1 703/922/1
f 668/868/1 669/870/1 705/925/1 704/924/1
f 669/870/1 670/872/1 706/926/1 705/925/1
f 670/872/1 671/874/1 707/927/1 706/926/1
f 671/874/1 672/876/1 708/928/1 707/927/1
f 672/876/1 673/878/1 709/929/1 708/928/1
f 673/878/1 674/880/1 710/930/1 709/929/1
f 674/880/1 675/882/1 711/931/1 710/930/1
f 675/882/1 676/884/1 712/932/1 711/931/1
f 676/884/1 677/886/1 713/933/1 712/932/1
f 677/886/1 678/888/1 714/934/1 713/933/1
f 678/888/1 679/890/1 715/935/1 714/934/1
f 679/890/1 680/892/1 716/936/1 715/935/1
f 680/892/1 681/894/1 717/937/1 716/936/1
f 681/894/1 682/896/1 718/938/1 717/937/1
f 682/896/1 683/898/1 719/939/1 718/938/1
f 683/898/1 684/900/1 720/940/1 719/939/1
f 685/902/1 686/901/1 722/941/1 721/942/1
f 686/901/1 687/903/1 723/943/1 722/941/1
f 687/903/1 688/904/1 724/944/1 723/945/1
f 688/904/1 689/906/1 725/946/1 724/944/1
f 689/906/1 690/907/1 726/947/1 725/948/1
f 690/907/1 691/909/1 727/949/1 726/947/1
f 691/909/1 692/910/1 728/950/1 727/949/1
f 692/910/1 693/911/1 729/951/1 728/950/1
f 693/911/1 694/912/1 730/952/1 729/953/1
f 694/912/1 695/914/1 731/954/1 730/952/1
f 695/914/1 696/915/1 732/955/1 731/954/1
f 696/915/1 697/916/1 733/956/1 732/955/1
f 697/916/1 698/917/1 734/957/1 733/956/1
f 698/917/1 699/918/1 735/958/1 734/957/1
f 699/918/1 700/919/1 736/959/1 735/958/1
f 700/919/1 701/920/1 737/960/1 736/959/1
f 701/920/1 702/921/1 738/961/1 737/960/1
f 702/921/1 703/922/1 739/962/1 738/963/1
f 703/922/1 704/924/1 740/964/1 739/962/1
f 704/924/1 705/925/1 741/965/1 740/964/1
f 705/925/1 706/926/1 742/966/1 741/965/1
f 706/926/1 707/927/1 743/967/1 742/966/1
f 707/927/1 708/928/1 744/968/1 743/967/1
f 708/928/1 709/929/1 745/969/1 744/968/1
f 709/929/1 710/930/1 746/970/1 745/969/1
f 710/930/1 711/931/1 747/971/1 746/970/1
f 711/931/1 712/932/1 748/972/1 747/971/1
f 712/932/1 713/933/1 749/973/1 748/972/1
f 713/933/1 714/934/1 750/974/1 749/973/1
f 714/934/1 715/935/1 751/975/1 750/974/1
f 715/935/1 716/936/1 752/976/1 751/975/1
f 716/936/1 717/937/1 753/977/1 752/976/1
f 717/937/1 718/938/1 754/978/1 753/977/1
f 718/938/1 719/939/1 755/979/1 754/978/1
f 719/939/1 720/940/1 756/980/1 755/979/1
f 721/942/1 722/941/1 758/981/1 757/982/1
f 722/941/1 723/943/1 759/983/1 758/981/1
f 723/943/1 724/944/1 760/984/1 759/985/1
f 724/944/1 725/946/1 761/986/1 760/984/1
f 725/946/1 726/947/1 762/987/1 761/988/1
f 726/947/1 727/949/1 763/989/1 762/987/1
f 727/949/1 728/950/1 764/990/1 763/989/1
f 728/950/1 729/951/1 765/991/1 764/990/1
f 729/951/1 730/952/1 766/992/1 765/993/1
f 730/952/1 731/954/1 767/994/1 766/992/1
f 731/954/1 732/955/1 768/995/1 767/994/1
f 732/955/1 733/956/1 769/996/1 768/995/1
f 733/956/1 734/957/1 770/997/1 769/996/1
f 734/957/1 735/958/1 771/998/1 770/997/1
f 735/958/1 736/959/1 772/999/1 771/998/1
f 736/959/1 737/960/1 773/1000/1 772/999/1
f 737/960/1 738/961/1 774/1001/1 773/1000/1
f 738/961/1 739/962/1 775/1002/1 774/1003/1
f 739/962/1 740/964/1 776/1004/1 775/1002/1
f 740/964/1 741/965/1 777/1005/1 776/1004/1
f 741/965/1 742/966/1 778/1006/1 777/1005/1
f 742/966/1 743/967/1 779/1007/1 778/1006/1
f 743/967/1 744/968/1 780/1008/1 779/1007/1
f 744/968/1 745/969/1 781/1009/1 780/1008/1
f 745/969/1 746/970/1 782/1010/1 781/1009/1
f 746/970/1 747/971/1 783/1011/1 782/1010/1
f 747/971/1 748/972/1 784/1012/1 783/1011/1
f 748/972/1 749/973/1 785/1013/1 784/1012/1
f 749/973/1 750/974/1 786/1014/1 785/1013/1
f 750/974/1 751/975/1 787/1015/1 786/1014/1
f 751/975/1 752/976/1 788/1016/1 787/1015/1
f 752/976/1 753/977/1 789/1017/1 788/1016/1
f 753/977/1 754/978/1 790/1018/1 789/1017/1
f 754/978/1 755/979/1 791/1019/1 790/1018/1
f 755/979/1 756/980/1 792/1020/1 791/1019/1
f 757/982/1 758/981/1 794/1021/1 793/1022/1
f 758/981/1 759/983/1 795/1023/1 794/1021/1
f 759/983/1 760/984/1 796/1024/1 795/1025/1
f 760/984/1 761/986/1 797/1026/1 796/1024/1
f 761/986/1 762/987/1 798/1027/1 797/1028/1
f 762/987/1 763/989/1 799/1029/1 798/1027/1
f 763/989/1 764/990/1 800/1030/1 799/1029/1
f 764/990/1 765/991/1 801/1031/1 800/1030/1
f 765/991/1 766/992/1 802/1032/1 801/1033/1
f 766/992/1 767/994/1 803/1034/1 802/1032/1
f 767/994/1 768/995/1 804/1035/1 803/1034/1
f 768/995/1 769/996/1 805/1036/1 804/1035/1
f 769/996/1 770/997/1 806/1037/1 805/1036/1
f 770/997/1 771/998/1 807/1038/1 806/1037/1
f 771/998/1 772/999/1 808/1039/1 807/1038/1
f 772/999/1 773/1000/1 809/1040/1 808/1039/1
f 773/1000/1 774/1001/1 810/1041/1 809/1040/1
f 774/1001/1 775/1002/1 811/1042/1 810/1043/1
f 775/1002/1 776/1004/1 812/1044/1 811/1042/1
f 776/1004/1 777/1005/1 813/1045/1 812/1044/1
f 777/1005/1 778/1006/1 814/1046/1 813/1045/1
f 778/1006/1 779/1007/1 815/1047/1 814/1046/1
f 779/1007/1 780/1008/1 816/1048/1 815/1047/1
f 780/1008/1 781/1009/1 817/1049/1 816/1048/1
f 781/1009/1 782/1010/1 818/1050/1 817/1049/1
f 782/1010/1 783/1011/1 819/1051/1 818/1050/1
f 783/1011/1 784/1012/1 820/1052/1 819/1051/1
f 784/1012/1 785/1013/1 821/1053/1 820/1052/1
f 785/1013/1 786/1014/1 822/1054/1 821/1053/1
f 786/1014/1 787/1015/1 823/1055/1 822/1054/1
f 787/1015/1 788/1016/1 824/1056/1 823/1055/1
f 788/1016/1 789/1017/1 825/1057/1 824/1056/1
f 789/1017/1 790/1018/1 826/1058/1 825/1057/1
f 790/1018/1 791/1019/1 827/1059/1 826/1058/1
f 791/1019/1 792/1020/1 828/1060/1 827/1059/1
f 793/1022/1 794/1021/1 830/1061/1 829/1062/1
f 794/1021/1 795/1023/1 831/1063/1 830/1061/1
f 795/1023/1 796/1024/1 832/1064/1 831/1065/1
f 796/1024/1 797/1026/1 833/1066/1 832/1064/1
f 797/1026/1 798/1027/1 834/1067/1 833/1068/1
f 798/1027/1 799/1029/1 835/1069/1 834/1067/1
f 799/1029/1 800/1030/1 836/1070/1 835/1069/1
f 800/1030/1 801/1031/1 837/1071/1 836/1070/1
f 801/1031/1 802/1032/1 838/1072/1 837/1073/1
f 802/1032/1 803/1034/1 839/1074/1 838/1072/1
f 803/1034/1 804/1035/1 840/1075/1 839/1074/1
f 804/1035/1 805/1036/1 841/1076/1 840/1075/1
f 805/1036/1 806/1037/1 842/1077/1 841/1076/1
f 806/1037/1 807/1038/1 843/1078/1 842/1077/1
f 807/1038/1 808/1039/1 844/1079/1 843/1078/1
f 808/1039/1 809/1040/1 845/1080/1 844/1079/1
f 809/1040/1 810/1041/1 846/1081/1 845/1080/1
f 810/1041/1 811/1042/1 847/1082/1 846/1083/1
f 811/1042/1 812/1044/1 848/1084/1 847/1082/1
f 812/1044/1 813/1045/1 849/1085/1 848/1084/1
f 813/1045/1 814/1046/1 850/1086/1 849/1085/1
f 814/1046/1 815/1047/1 851/1087/1 850/1086/1
f 815/1047/1 816/1048/1 852/1088/1 851/1087/1
f 816/1048/1 817/1049/1 853/1089/1 852/1088/1
f 817/1049/1 818/1050/1 854/1090/1 853/1089/1
f 818/1050/1 819/1051/1 855/1091/1 854/1090/1
f 819/1051/1 820/1052/1 856/1092/1 855/1091/1
f 820/1052/1 821/1053/1 857/1093/1 856/1092/1
f 821/1053/1 822/1054/1 858/1094/1 857/1093/1
f 822/1054/1 823/1055/1 859/1095/1 858/1094/1
f 823/1055/1 824/1056/1 860/1096/1 859/1095/1
f 824/1056/1 825/1057/1 861/1097/1 860/1096/1
f 825/1057/1 826/1058/1 862/1098/1 861/1097/1
f 826/1058/1 827/1059/1 863/1099/1 862/1098/1
f 827/1059/1 828/1060/1 864/1100/1 863/1099/1
f 829/1062/1 830/1061/1 866/1101/1 865/1102/1
f 830/1061/1 831/1063/1 867/1103/1 866/1101/1
f 831/1063/1 832/1064/1 868/1104/1 867/1105/1
f 832/1064/1 833/1066/1 869/1106/1 868/1104/1
f 833/1066/1 834/1067/1 870/1107/1 869/1108/1
f 834/1067/1 835/1069/1 871/1109/1 870/1107/1
f 835/1069/1 836/1070/1 872/1110/1 871/1109/1
f 836/1070/1 837/1071/1 873/1111/1 872/1110/1
f 837/1071/1 838/1072/1 874/1112/1 873/1113/1
f 838/1072/1 839/1074/1 875/1114/1 874/1112/1
f 839/1074/1 840/1075/1 876/1115/1 875/1114/1
f 840/1075/1 841/1076/1 877/1116/1 876/1115/1
f 841/1076/1 842/1077/1 878/1117/1 877/1116/1
f 842/1077/1 843/1078/1 879/1118/1 878/1117/1
f 843/1078/1 844/1079/1 880/1119/1 879/1118/1
f 844/1079/1 845/1080/1 881/1120/1 880/1119/1
f 845/1080/1 846/1081/1 882/1121/1 881/1120/1
f 846/1081/1 847/1082/1 883/1122/1 882/1123/1
f 847/1082/1 848/1084/1 884/1124/1 883/1122/1
f 848/1084/1 849/1085/1 885/1125/1 884/1124/1
f 849/1085/1 850/1086/1 886/1126/1 885/1125/1
f 850/1086/1 851/1087/1 887/1127/1 886/1126/1
f 851/1087/1 852/1088/1 888/1128/1 887/1127/1
f 852/1088/1 853/1089/1 889/1129/1 888/1128/1
f 853/1089/1 854/1090/1 890/1130/1 889/1129/1
f 854/1090/1 855/1091/1 891/1131/1 890/1130/1
f 855/1091/1 856/1092/1 892/1132/1 891/1131/1
f 856/1092/1 857/1093/1 893/1133/1 892/1132/1
f 857/1093/1 858/1094/1 894/1134/1 893/1133/1
f 858/1094/1 859/1095/1 895/1135/1 894/1134/1
f 859/1095/1 860/1096/1 896/1136/1 895/1135/1
f 860/1096/1 861/1097/1 897/1137/1 896/1136/1
f 861/1097/1 862/1098/1 898/1138/1 897/1137/1
f 862/1098/1 863/1099/1 899/1139/1 898/1138/1
f 863/1099/1 864/1100/1 900/1140/1 899/1139/1
f 865/1102/1 866/1101/1 902/1141/1 901/1142/1
f 866/1101/1 867/1103/1 903/1143/1 902/1141/1
f 867/1103/1 868/1104/1 904/1144/1 903/1145/1
f 868/1104/1 869/1106/1 905/1146/1 904/1144/1
f 869/1106/1 870/1107/1 906/1147/1 905/1148/1
f 870/1107/1 871/1109/1 907/1149/1 906/1147/1
f 871/1109/1 872/1110/1 908/1150/1 907/1149/1
f 872/1110/1 873/1111/1 909/1151/1 908/1150/1
f 873/1111/1 874/1112/1 910/1152/1 909/1153/1
f 874/1112/1 875/1114/1 911/1154/1 910/1152/1
f 875/1114/1 876/1115/1 912/1155/1 911/1154/1
f 876/1115/1 877/1116/1 913/1156/1 912/1155/1
f 877/1116/1 878/1117/1 914/1157/1 913/1156/1
f 878/1117/1 879/1118/1 915/1158/1 914/1157/1
f 879/1118/1 880/1119/1 916/1159/1 915/1158/1
f 880/1119/1 881/1120/1 917/1160/1 916/1159/1
f 881/1120/1 882/1121/1 918/1161/1 917/1160/1
f 882/1121/1 883/1122/1 919/1162/1 918/1163/1
f 883/1122/1 884/1124/1 920/1164/1 919/1162/1
f 884/1124/1 885/1125/1 921/1165/1 920/1164/1
f 885/1125/1 886/1126/1 922/1166/1 921/1165/1
f 886/1126/1 887/1127/1 923/1167/1 922/1166/1
f 887/1127/1 888/1128/1 924/1168/1 923/1167/1
f 888/1128/1 889/1129/1 925/1169/1 924/1168/1
f 889/1129/1 890/1130/1 926/1170/1 925/1169/1
f 890/1130/1 891/1131/1 927/1171/1 926/1170/1
f 891/1131/1 892/1132/1 928/1172/1 927/1171/1
f 892/1132/1 893/1133/1 929/1173/1 928/1172/1
f 893/1133/1 894/1134/1 930/1174/1 929/1173/1
f 894/1134/1 895/1135/1 931/1175/1 930/1174/1
f 895/1135/1 896/1136/1 932/1176/1 931/1175/1
f 896/1136/1 897/1137/1 933/1177/1 932/1176/1
f 897/1137/1 898/1138/1 934/1178/1 933/1177/1
f 898/1138/1 899/1139/1 935/1179/1 934/1178/1
f 899/1139/1 900/1140/1 936/1180/1 935/1179/1
f 901/1142/1 902/1141/1 938/1181/1 937/1182/1
f 902/1141/1 903/1143/1 939/1183/1 938/1181/1
f 903/1143/1 904/1144/1 940/1184/1 939/1185/1
f 904/1144/1 905/1146/1 941/1186/1 940/1184/1
f 905/1146/1 906/1147/1 942/1187/1 941/1188/1
f 906/1147/1 907/1149/1 943/1189/1 942/1187/1
f 907/1149/1 908/1150/1 944/1190/1 943/1189/1
f 908/1150/1 909/1151/1 945/1191/1 944/1190/1
f 909/1151/1 910/1152/1 946/1192/1 945/1193/1
f 910/1152/1 911/1154/1 947/1194/1 946/1192/1
f 911/1154/1 912/1155/1 948/1195/1 947/1194/1
f 912/1155/1 913/1156/1 949/1196/1 948/1195/1
f 913/1156/1 914/1157/1 950/1197/1 949/1196/1
f 914/1157/1 915/1158/1 951/1198/1 950/1197/1
f 915/1158/1 916/1159/1 952/1199/1 951/1198/1
f 916/1159/1 917/1160/1 953/1200/1 952/1199/1
f 917/1160/1 918/1161/1 954/1201/1 953/1200/1
f 918/1161/1 919/1162/1 955/1202/1 954/1203/1
f 919/1162/1 920/1164/1 956/1204/1 955/1202/1
f 920/1164/1 921/1165/1 957/1205/1 956/1204/1
f 921/1165/1 922/1166/1 958/1206/1 957/1205/1
f 922/1166/1 923/1167/1 959/1207/1 958/1206/1
f 923/1167/1 924/1168/1 960/1208/1 959/1207/1
f 924/1168/1 925/1169/1 961/1209/1 960/1208/1
f 925/1169/1 926/1170/1 962/1210/1 961/1209/1
f 926/1170/1 927/1171/1 963/1211/1 962/1210/1
f 927/1171/1 928/1172/1 964/1212/1 963/1211/1
f 928/1172/1 929/1173/1 965/1213/1 964/1212/1
f 929/1173/1 930/1174/1 966/1214/1 965/1213/1
f 930/1174/1 931/1175/1 967/1215/1 966/1214/1
f 931/1175/1 932/1176/1 968/1216/1 967/1215/1
f 932/1176/1 933/1177/1 969/1217/1 968/1216/1
f 933/1177/1 934/1178/1 970/1218/1 969/1217/1
f 934/1178/1 935/1179/1 971/1219/1 970/1218/1
f 935/1179/1 936/1180/1 972/1220/1 971/1219/1
f 937/1182/1 938/1181/1 974/1221/1 973/1222/1
f 938/1181/1 939/1183/1 975/1223/1 974/1221/1
f 939/1183/1 940/1184/1 976/1224/1 975/1225/1
f 940/1184/1 941/1186/1 977/1226/1 976/1224/1
f 941/1186/1 942/1187/1 978/1227/1 977/1228/1
f 942/1187/1 943/1189/1 979/1229/1 978/1227/1
f 943/1189/1 944/1190/1 980/1230/1 979/1229/1
f 944/1190/1 945/1191/1 981/1231/1 980/1230/1
f 945/1191/1 946/1192/1 982/1232/1 981/1233/1
f 946/1192/1 947/1194/1 983/1234/1 982/1232/1
f 947/1194/1 948/1195/1 984/1235/1 983/1234/1
f 948/1195/1 949/1196/1 985/1236/1 984/1235/1
f 949/1196/1 950/1197/1 986/1237/1 985/1236/1
f 950/1197/1 951/1198/1 987/1238/1 986/1237/1
f 951/1198/1 952/1199/1 988/1239/1 987/1238/1
f 952/1199/1 953/1200/1 989/1240/1 988/1239/1
f 953/1200/1 954/1201/1 990/1241/1 989/1240/1
f 954/1201/1 955/1202/1 991/1242/1 990/1243/1
f 955/1202/1 956/1204/1 992/1244/1 991/1242/1
f 956/1204/1 957/1205/1 993/1245/1 992/1244/1
f 957/1205/1 958/1206/1 994/1246/1 993/1245/1
f 958/1206/1 959/1207/1 995/1247/1 994/1246/1
f 959/1207/1 960/1208/1 996/1248/1 995/1247/1
f 960/1208/1 961/1209/1 997/1249/1 996/1248/1
f 961/1209/1 962/1210/1 998/1250/1 997/1249/1
f 962/1210/1 963/1211/1 999/1251/1 998/1250/1
f 963/1211/1 964/1212/1 1000/1252/1 999/1251/1
f 964/1212/1 965/1213/1 1001/1253/1 1000/1252/1
f 965/1213/1 966/1214/1 1002/1254/1 1001/1253/1
f 966/1214/1 967/1215/1 1003/1255/1 1002/1254/1
f 967/1215/1 968/1216/1 1004/1256/1 1003/1255/1
f 968/1216/1 969/1217/1 1005/1257/1 1004/1256/1
f 969/1217/1 970/1218/1 1006/1258/1 1005/1257/1
f 970/1218/1 971/1219/1 1007/1259/1 1006/1258/1
f 971/1219/1 972/1220/1 1008/1260/1 1007/1259/1
f 973/1222/1 974/1221/1 1010/1261/1 1009/1262/1
f 974/1221/1 975/1223/1 1011/1263/1 1010/1261/1
f 975/1223/1 976/1224/1 1012/1264/1 1011/1265/1
f 976/1224/1 977/1226/1 1013/1266/1 1012/1264/1
f 977/1226/1 978/1227/1 1014/1267/1 1013/1268/1
f 978/1227/1 979/1229/1 1015/1269/1 1014/1267/1
f 979/1229/1 980/1230/1 1016/1270/1 1015/1269/1
f 980/1230/1 981/1231/1 1017/1271/1 1016/1270/1
f 981/1231/1 982/1232/1 1018/1272/1 1017/1273/1
f 982/1232/1 983/1234/1 1019/1274/1 1018/1272/1
f 983/1234/1 984/1235/1 1020/1275/1 1019/1274/1
f 984/1235/1 985/1236/1 1021/1276/1 1020/1275/1
f 985/1236/1 986/1237/1 1022/1277/1 1021/1276/1
f 986/1237/1 987/1238/1 1023/1278/1 1022/1277/1
f 987/1238/1 988/1239/1 1024/1279/1 1023/1278/1
f 988/1239/1 989/1240/1 1025/1280/1 1024/1279/1
f 989/1240/1 990/1241/1 1026/1281/1 1025/1280/1
f 990/1241/1 991/1242/1 1027/1282/1 1026/1283/1
f 991/1242/1 992/1244/1 1028/1284/1 1027/1282/1
f 992/1244/1 993/1245/1 1029/1285/1 1028/1284/1
f 993/1245/1 994/1246/1 1030/1286/1 1029/1285/1
f 994/1246/1 995/1247/1 1031/1287/1 1030/1286/1
f 995/1247/1 996/1248/1 1032/1288/1 1031/1287/1
f 996/1248/1 997/1249/1 1033/1289/1 1032/1288/1
f 997/1249/1 998/1250/1 1034/1290/1 1033/1289/1
f 998/1250/1 999/1251/1 1035/1291/1 1034/1290/1
f 999/1251/1 1000/1252/1 1036/1292/1 1035/1291/1
f 1000/1252/1 1001/1253/1 1037/1293/1 1036/1292/1
f 1001/1253/1 1002/1254/1 1038/1294/1 1037/1293/1
f 1002/1254/1 1003/1255/1 1039/1295/1 1038/1294/1
f 1003/1255/1 1004/1256/1 1040/1296/1 1039/1295/1
f 1004/1256/1 1005/1257/1 1041/1297/1 1040/1296/1
f 1005/1257/1 1006/1258/1 1042/1298/1 1041/1297/1
f 1006/1258/1 1007/1259/1 1043/1299/1 1042/1298/1
f 1007/1259/1 1008/1260/1 1044/1300/1 1043/1299/1
f 1009/1262/1 1010/1261/1 1046/1301/1 1045/1302/1
f 1010/1261/1 1011/1263/1 1047/1303/1 1046/1301/1
f 1011/1263/1 1012/1264/1 1048/1304/1 1047/1305/1
f 1012/1264/1 1013/1266/1 1049/1306/1 1048/1304/1
f 1013/1266/1 1014/1267/1 1050/1307/1 1049/1308/1
f 1014/1267/1 1015/1269/1 1051/1309/1 1050/1307/1
f 1015/1269/1 1016/1270/1 1052/1310/1 1051/1309/1
f 1016/1270/1 1017/1271/1 1053/1311/1 1052/1310/1
f 1017/1271/1 1018/1272/1 1054/1312/1 1053/1313/1
f 1018/1272/1 1019/1274/1 1055/1314/1 1054/1312/1
f 1019/1274/1 1020/1275/1 1056/1315/1 1055/1314/1
f 1020/1275/1 1021/1276/1 1057/1316/1 1056/1315/1
f 1021/1276/1 1022/1277/1 1058/1317/1 1057/1316/1
f 1022/1277/1 1023/1278/1 1059/1318/1 1058/1317/1
f 1023/1278/1 1024/1279/1 1060/1319/1 1059/1318/1
f 1024/1279/1 1025/1280/1 1061/1320/1 1060/1319/1
f 1025/1280/1 1026/1281/1 1062/1321/1 1061/1320/1
f 1026/1281/1 1027/1282/1 1063/1322/1 1062/1323/1
f 1027/1282/1 1028/1284/1 1064/1324/1 1063/1322/1
f 1028/1284/1 1029/1285/1 1065/1325/1 1064/1324/1
f 1029/1285/1 1030/1286/1 1066/1326/1 1065/1325/1
f 1030/1286/1 1031/1287/1 1067/1327/1 1066/1326/1
f 1031/1287/1 1032/1288/1 1068/1328/1 1067/1327/1
f 1032/1288/1 1033/1289/1 1069/1329/1 1068/1328/1
f 1033/1289/1 1034/1290/1 1070/1330/1 1069/1329/1
f 1034/1290/1 1035/1291/1 1071/1331/1 1070/1330/1
f 1035/1291/1 1036/1292/1 1072/1332/1 1071/1331/1
f 1036/1292/1 1037/1293/1 1073/1333/1 1072/1332/1
f 1037/1293/1 1038/1294/1 1074/1334/1 1073/1333/1
f 1038/1294/1 1039/1295/1 1075/1335/1 1074/1334/1
f 1039/1295/1 1040/1296/1 1076/1336/1 1075/1335/1
f 1040/1296/1 1041/1297/1 1077/1337/1 1076/1336/1
f 1041/1297/1 1042/1298/1 1078/1338/1 1077/1337/1
f 1042/1298/1 1043/1299/1 1079/1339/1 1078/1338/1
f 1043/1299/1 1044/1300/1 1080/1340/1 1079/1339/1
f 1045/1302/1 1046/1301/1 1082/1341/1 1081/1342/1
f 1046/1301/1 1047/1303/1 1083/1343/1 1082/1341/1
f 1047/1303/1 1048/1304/1 1084/1344/1 1083/1345/1
f 1048/1304/1 1049/1306/1 1085/1346/1 1084/1344/1
f 1049/1306/1 1050/1307/1 1086/1347/1 1085/1348/1
f 1050/1307/1 1051/1309/1 1087/1349/1 1086/1347/1
f 1051/1309/1 1052/1310/1 1088/1350/1 1087/1349/1
f 1052/1310/1 1053/1311/1 1089/1351/1 1088/1350/1
f 1053/1311/1 1054/1312/1 1090/1352/1 1089/1353/1
f 1054/1312/1 1055/1314/1 1091/1354/1 1090/1352/1
f 1055/1314/1 1056/1315/1 1092/1355/1 1091/1354/1
f 1056/1315/1 1057/1316/1 1093/1356/1 1092/1355/1
f 1057/1316/1 1058/1317/1 1094/1357/1 1093/1356/1
f 1058/1317/1 1059/1318/1 1095/1358/1 1094/1357/1
f 1059/1318/1 1060/1319/1 1096/1359/1 1095/1358/1
f 1060/1319/1 1061/1320/1 1097/1360/1 1096/1359/1
f 1061/1320/1 1062/1321/1 1098/1361/1 1097/1360/1
f 1062/1321/1 1063/1322/1 1099/1362/1 1098/1363/1
f 1063/1322/1 1064/1324/1 1100/1364/1 1099/1362/1
f 1064/1324/1 1065/1325/1 1101/1365/1 1100/1364/1
f 1065/1325/1 1066/1326/1 1102/1366/1 1101/1365/1
f 1066/1326/1 1067/1327/1 1103/1367/1 1102/1366/1
f 1067/1327/1 1068/1328/1 1104/1368/1 1103/1367/1
f 1068/1328/1 1069/1329/1 1105/1369/1 1104/1368/1
f 1069/1329/1 1070/1330/1 1106/1370/1 1105/1369/1
f 1070/1330/1 1071/1331/1 1107/1371/1 1106/1370/1
f 1071/1331/1 1072/1332/1 1108/1372/1 1107/1371/1
f 1072/1332/1 1073/1333/1 1109/1373/1 1108/1372/1
f 1073/1333/1 1074/1334/1 1110/1374/1 1109/1373/1
f 1074/1334/1 1075/1335/1 1111/1375/1 1110/1374/1
f 1075/1335/1 1076/1336/1 1112/1376/1 1111/1375/1
f 1076/1336/1 1077/1337/1 1113/1377/1 1112/1376/1
f 1077/1337/1 1078/1338/1 1114/1378/1 1113/1377/1
f 1078/1338/1 1079/1339/1 1115/1379/1 1114/1378/1
f 1079/1339/1 1080/1340/1 1116/1380/1 1115/1379/1
f 1081/1342/1 1082/1341/1 1118/1381/1 1117/1382/1
f 1082/1341/1 1083/1343/1 1119/1383/1 1118/1381/1
f 1083/1343/1 1084/1344/1 1120/1384/1 1119/1385/1
f 1084/1344/1 1085/1346/1 1121/1386/1 1120/1384/1
f 1085/1346/1 1086/1347/1 1122/1387/1 1121/1388/1
f 1086/1347/1 1087/1349/1 1123/1389/1 1122/1387/1
f 1087/1349/1 1088/1350/1 1124/1390/1 1123/1389/1
f 1088/1350/1 1089/1351/1 1125/1391/1 1124/1390/1
f 1089/1351/1 1090/1352/1 1126/1392/1 1125/1393/1
f 1090/1352/1 1091/1354/1 1127/1394/1 1126/1392/1
f 1091/1354/1 1092/1355/1 1128/1395/1 1127/1394/1
f 1092/1355/1 1093/1356/1 1129/1396/1 1128/1395/1
f 1093/1356/1 1094/1357/1 1130/1397/1 1129/1396/1
f 1094/1357/1 1095/1358/1 1131/1398/1 1130/1397/1
f 1095/1358/1 1096/1359/1 1132/1399/1 1131/1398/1
f 1096/1359/1 1097/1360/1 1133/1400/1 1132/1399/1
f 1097/1360/1 1098/1361/1 1134/1401/1 1133/1400/1
f 1098/1361/1 1099/1362/1 1135/1402/1 1134/1403/1
f 1099/1362/1 1100/1364/1 1136/1404/1 1135/1402/1
f 1100/1364/1 1101/1365/1 1137/1405/1 1136/1404/1
f 1101/1365/1 1102/1366/1 1138/1406/1 1137/1405/1
f 1102/1366/1 1103/1367/1 1139/1407/1 1138/1406/1
f 1103/1367/1 1104/1368/1 1140/1408/1 1139/1407/1
f 1104/1368/1 1105/1369/1 1141/1409/1 1140/1408/1
f 1105/1369/1 1106/1370/1 1142/1410/1 1141/1409/1
f 1106/1370/1 1107/1371/1 1143/1411/1 1142/1410/1
f 1107/1371/1 1108/1372/1 1144/1412/1 1143/1411/1
f 1108/1372/1 1109/1373/1 1145/1413/1 1144/1412/1
f 1109/1373/1 1110/1374/1 1146/1414/1 1145/1413/1
f 1110/1374/1 1111/1375/1 1147/1415/1 1146/1414/1
f 1111/1375/1 1112/1376/1 1148/1416/1 1147/1415/1
f 1112/1376/1 1113/1377/1 1149/1417/1 1148/1416/1
f 1113/1377/1 1114/1378/1 1150/1418/1 1149/1417/1
f 1114/1378/1 1115/1379/1 1151/1419/1 1150/1418/1
f 1115/1379/1 1116/1380/1 1152/1420/1 1151/1419/1
f 1117/1382/1 1118/1381/1 1154/1421/1 1153/1422/1
f 1118/1381/1 1119/1383/1 1155/1423/1 1154/1421/1
f 1119/1383/1 1120/1384/1 1156/1424/1 1155/1425/1
f 1120/1384/1 1121/1386/1 1157/1426/1 1156/1424/1
f 1121/1386/1 1122/1387/1 1158/1427/1 1157/1428/1
f 1122/1387/1 1123/1389/1 1159/1429/1 1158/1427/1
f 1123/1389/1 1124/1390/1 1160/1430/1 1159/1429/1
f 1124/1390/1 1125/1391/1 1161/1431/1 1160/1430/1
f 1125/1391/1 1126/1392/1 1162/1432/1 1161/1433/1
f 1126/1392/1 1127/1394/1 1163/1434/1 1162/1432/1
f 1127/1394/1 1128/1395/1 1164/1435/1 1163/1434/1
f 1128/1395/1 1129/1396/1 1165/1436/1 1164/1435/1
f 1129/1396/1 1130/1397/1 1166/1437/1 1165/1436/1
f 1130/1397/1 1131/1398/1 1167/1438/1 1166/1437/1
f 1131/1398/1 1132/1399/1 1168/1439/1 1167/1438/1
f 1132/1399/1 1133/1400/1 1169/1440/1 1168/1439/1
f 1133/1400/1 1134/1401/1 1170/1441/1 1169/1440/1
f 1134/1401/1 1135/1402/1 1171/1442/1 1170/1443/1
f 1135/1402/1 1136/1404/1 1172/1444/1 1171/1442/1
f 1136/1404/1 1137/1405/1 1173/1445/1 1172/1444/1
f 1137/1405/1 1138/1406/1 1174/1446/1 1173/1445/1
f 1138/1406/1 1139/1407/1 1175/1447/1 1174/1446/1
f 1139/1407/1 1140/1408/1 1176/1448/1 1175/1447/1
f 1140/1408/1 1141/1409/1 1177/1449/1 1176/1448/1
f 1141/1409/1 1142/1410/1 1178/1450/1 1177/1449/1
f 1142/1410/1 1143/1411/1 1179/1451/1 1178/1450/1
f 1143/1411/1 1144/1412/1 1180/1452/1 1179/1451/1
f 1144/1412/1 1145/1413/1 1181/1453/1 1180/1452/1
f 1145/1413/1 1146/1414/1 1182/1454/1 1181/1453/1
f 1146/1414/1 1147/1415/1 1183/1455/1 1182/1454/1
f 1147/1415/1 1148/1416/1 1184/1456/1 1183/1455/1
f 1148/1416/1 1149/1417/1 1185/1457/1 1184/1456/1
f 1149/1417/1 1150/1418/1 1186/1458/1 1185/1457/1
f 1150/1418/1 1151/1419/1 1187/1459/1 1186/1458/1
f 1151/1419/1 1152/1420/1 1188/1460/1 1187/1459/1
f 1153/1422/1 1154/1421/1 1190/1461/1 1189/1462/1
f 1154/1421/1 1155/1423/1 1191/1463/1 1190/1461/1
f 1155/1423/1 1156/1424/1 1192/1464/1 1191/1465/1
f 1156/1424/1 1157/1426/1 1193/1466/1 1192/1464/1
f 1157/1426/1 1158/1427/1 1194/1467/1 1193/1468/1
f 1158/1427/1 1159/1429/1 1195/1469/1 1194/1467/1
f 1159/1429/1 1160/1430/1 1196/1470/1 1195/1469/1
f 1160/1430/1 1161/1431/1 1197/1471/1 1196/1470/1
f 1161/1431/1 1162/1432/1 1198/1472/1 1197/1473/1
f 1162/1432/1 1163/1434/1 1199/1474/1 1198/1472/1
f 1163/1434/1 1164/1435/1 1200/1475/1 1199/1474/1
f 1164/1435/1 1165/1436/1 1201/1476/1 1200/1475/1
f 1165/1436/1 1166/1437/1 1202/1477/1 1201/1476/1
f 1166/1437/1 1167/1438/1 1203/1478/1 1202/1477/1
f 1167/1438/1 1168/1439/1 1204/1479/1 1203/1478/1
f 1168/1439/1 1169/1440/1 1205/1480/1 1204/1479/1
f 1169/1440/1 1170/1441/1 1206/1481/1 1205/1480/1
f 1170/1441/1 1171/1442/1 1207/1482/1 1206/1483/1
f 1171/1442/1 1172/1444/1 1208/1484/1 1207/1482/1
f 1172/1444/1 1173/1445/1 1209/1485/1 1208/1484/1
f 1173/1445/1 1174/1446/1 1210/1486/1 1209/1485/1
f 1174/1446/1 1175/1447/1 1211/1487/1 1210/1486/1
f 1175/1447/1 1176/1448/1 1212/1488/1 1211/1487/1
f 1176/1448/1 1177/1449/1 1213/1489/1 1212/1488/1
f 1177/1449/1 1178/1450/1 1214/1490/1 1213/1489/1
f 1178/1450/1 1179/1451/1 1215/1491/1 1214/1490/1
f 1179/1451/1 1180/1452/1 1216/1492/1 1215/1491/1
f 1180/1452/1 1181/1453/1 1217/1493/1 1216/1492/1
f 1181/1453/1 1182/1454/1 1218/1494/1 1217/1493/1
f 1182/1454/1 1183/1455/1 1219/1495/1 1218/1494/1
f 1183/1455/1 1184/1456/1 1220/1496/1 1219/1495/1
f 1184/1456/1 1185/1457/1 1221/1497/1 1220/1496/1
f 1185/1457/1 1186/1458/1 1222/1498/1 1221/1497/1
f 1186/1458/1 1187/1459/1 1223/1499/1 1222/1498/1
f 1187/1459/1 1188/1460/1 1224/1500/1 1223/1499/1
f 1189/1462/1 1190/1461/1 1226/1501/1 1225/1502/1
f 1190/1461/1 1191/1463/1 1227/1503/1 1226/1501/1
f 1191/1463/1 1192/1464/1 1228/1504/1 1227/1505/1
f 1192/1464/1 1193/1466/1 1229/1506/1 1228/1504/1
f 1193/1466/1 1194/1467/1 1230/1507/1 1229/1508/1
f 1194/1467/1 1195/1469/1 1231/1509/1 1230/1507/1
f 1195/1469/1 1196/1470/1 1232/1510/1 1231/1509/1
f 1196/1470/1 1197/1471/1 1233/1511/1 1232/1510/1
f 1197/1471/1 1198/1472/1 1234/1512/1 1233/1513/1
f 1198/1472/1 1199/1474/1 1235/1514/1 1234/1512/1
f 1199/1474/1 1200/1475/1 1236/1515/1 1235/1514/1
f 1200/1475/1 1201/1476/1 1237/1516/1 1236/1515/1
f 1201/1476/1 1202/1477/1 1238/1517/1 1237/1516/1
f 1202/1477/1 1203/1478/1 1239/1518/1 1238/1517/1
f 1203/1478/1 1204/1479/1 1240/1519/1 1239/1518/1
f 1204/1479/1 1205/1480/1 1241/1520/1 1240/1519/1
f 1205/1480/1 1206/1481/1 1242/1521/1 1241/1520/1
f 1206/1481/1 1207/1482/1 1243/1522/1 1242/1523/1
f 1207/1482/1 1208/1484/1 1244/1524/1 1243/1522/1
f 1208/1484/1 1209/1485/1 1245/1525/1 1244/1524/1
f 1209/1485/1 1210/1486/1 1246/1526/1 1245/1525/1
f 1210/1486/1 1211/1487/1 1247/1527/1 1246/1526/1
f 1211/1487/1 1212/1488/1 1248/1528/1 1247/1527/1
f 1212/1488/1 1213/1489/1 1249/1529/1 1248/1528/1
f 1213/1489/1 1214/1490/1 1250/1530/1 1249/1529/1
f 1214/1490/1 1215/1491/1 1251/1531/1 1250/1530/1
f 1215/1491/1 1216/1492/1 1252/1532/1 1251/1531/1
f 1216/1492/1 1217/1493/1 1253/1533/1 1252/1532/1
f 1217/1493/1 1218/1494/1 1254/1534/1 1253/1533/1
f 1218/1494/1 1219/1495/1 1255/1535/1 1254/1534/1
f 1219/1495/1 1220/1496/1 1256/1536/1 1255/1535/1
f 1220/1496/1 1221/1497/1 1257/1537/1 1256/1536/1
f 1221/1497/1 1222/1498/1 1258/1538/1 1257/1537/1
f 1222/1498/1 1223/1499/1 1259/1539/1 1258/1538/1
f 1223/1499/1 1224/1500/1 1260/1540/1 1259/1539/1
f 1225/1502/1 1226/1501/1 1262/1541/1 1261/1542/1
f 1226/1501/1 1227/1503/1 1263/1543/1 1262/1541/1
f 1227/1503/1 1228/1504/1 1264/1544/1 1263/1545/1
f 1228/1504/1 1229/1506/1 1265/1546/1 1264/1544/1
f 1229/1506/1 1230/1507/1 1266/1547/1 1265/1548/1
f 1230/1507/1 1231/1509/1 1267/1549/1 1266/1547/1
f 1231/1509/1 1232/1510/1 1268/1550/1 1267/1549/1
f 1232/1510/1 1233/1511/1 1269/1551/1 1268/1550/1
f 1233/1511/1 1234/1512/1 1270/1552/1 1269/1553/1
f 1234/1512/1 1235/1514/1 1271/1554/1 1270/1552/1
f 1235/1514/1 1236/1515/1 1272/1555/1 1271/1554/1
f 1236/1515/1 1237/1516/1 1273/1556/1 1272/1555/1
f 1237/1516/1 1238/1517/1 1274/1557/1 1273/1556/1
f 1238/1517/1 1239/1518/1 1275/1558/1 1274/1557/1
f 1239/1518/1 1240/1519/1 1276/1559/1 1275/1558/1
f 1240/1519/1 1241/1520/1 1277/1560/1 1276/1559/1
f 1241/1520/1 1242/1521/1 1278/1561/1 1277/1560/1
f 1242/1521/1 1243/1522/1 1279/1562/1 1278/1563/1
f 1243/1522/1 1244/1524/1 1280/1564/1 1279/1562/1
f 1244/1524/1 1245/1525/1 1281/1565/1 1280/1564/1
f 1245/1525/1 1246/1526/1 1282/1566/1 1281/1565/1
f 1246/1526/1 1247/1527/1 1283/1567/1 1282/1566/1
f 1247/1527/1 1248/1528/1 1284/1568/1 1283/1567/1
f 1248/1528/1 1249/1529/1 1285/1569/1 1284/1568/1
f 1249/1529/1 1250/1530/1 1286/1570/1 1285/1569/1
f 1250/1530/1 1251/1531/1 1287/1571/1 1286/1570/1
f 1251/1531/1 1252/1532/1 1288/1572/1 1287/1571/1
f 1252/1532/1 1253/1533/1 1289/1573/1 1288/1572/1
f 1253/1533/1 1254/1534/1 1290/1574/1 1289/1573/1
f 1254/1534/1 1255/1535/1 1291/1575/1 1290/1574/1
f 1255/1535/1 1256/1536/1 1292/1576/1 1291/1575/1
f 1256/1536/1 1257/1537/1 1293/1577/1 1292/1576/1
f 1257/1537/1 1258/1538/1 1294/1578/1 1293/1577/1
f 1258/1538/1 1259/1539/1 1295/1579/1 1294/1578/1
f 1259/1539/1 1260/1540/1 1296/1580/1 1295/1579/1
